city,province,region_std,city_job_count,GDI_c,Exposure_c,SRI_c,entropy_c,GDI_group,Exposure_group,SRI_group,city_type
七台河,黑龙江,东北,21,0.0000000000,7.9165146300,-0.5925354914,2.4205609811,low,low,middle,低 GDI × 低 Exposure
万宁,海南,东部,25,0.0000000000,8.5709462082,0.2700672064,2.8427463273,low,middle,high,低 GDI × 高 Exposure
三亚,海南,东部,781,0.0051216389,9.3185963616,-0.0295288792,3.7874910702,high,high,high,高 GDI × 高 Exposure
三明,福建,东部,160,0.0000000000,8.8420110185,-0.5272960721,3.2844152394,low,high,middle,低 GDI × 高 Exposure
三门峡,河南,中部,150,0.0000000000,7.6071281315,-4.2974645265,2.9206311697,low,low,low,低 GDI × 低 Exposure
上海,上海,东部,136607,0.0162070758,9.2467613850,0.5712767052,4.1161635582,high,high,high,高 GDI × 高 Exposure
上饶,江西,中部,831,0.0024067389,8.3927778676,-1.3083298631,3.8137092544,middle,middle,low,高 GDI × 低 Exposure
东方,海南,东部,25,0.0000000000,8.3552458285,0.2847469186,3.1302718269,low,middle,high,低 GDI × 低 Exposure
东莞,广东,东部,45687,0.0049685906,8.4625257417,-0.3145193343,3.9303495089,high,middle,high,高 GDI × 高 Exposure
东营,山东,东部,250,0.0040000000,8.6145353628,-0.5667567142,3.5753470906,middle,high,middle,高 GDI × 高 Exposure
中卫,宁夏,西部,76,0.0263157895,9.1166862874,-0.4537209847,3.0412801973,high,high,middle,高 GDI × 高 Exposure
中山,广东,东部,9839,0.0136192703,8.6326370916,-0.0269249925,4.0102341339,high,high,high,高 GDI × 高 Exposure
临夏,甘肃,西部,51,0.0000000000,9.4857016052,-0.1872470626,2.9235210921,low,high,high,低 GDI × 高 Exposure
临汾,山西,中部,305,0.0000000000,8.0850068367,-2.7638105641,2.9435962672,low,low,low,低 GDI × 低 Exposure
临沂,山东,东部,730,0.0013698630,8.5258454306,-0.6172223592,3.5630175858,middle,middle,middle,高 GDI × 高 Exposure
临沧,云南,西部,150,0.0000000000,9.1381241905,0.1213626894,3.0274784349,low,high,high,低 GDI × 高 Exposure
临高,海南,东部,2,0.0000000000,8.3392976780,0.7850690286,0.0000000000,low,middle,high,低 GDI × 低 Exposure
丹东,辽宁,东北,111,0.0000000000,7.8473037175,-0.3374794280,2.8846990676,low,low,high,低 GDI × 低 Exposure
丽水,浙江,东部,672,0.0014880952,8.4743196906,-0.8114925483,3.7666770186,middle,middle,middle,高 GDI × 高 Exposure
丽江,云南,西部,154,0.0000000000,8.7673276902,-0.3602444504,3.1990993132,low,high,high,低 GDI × 高 Exposure
义乌,浙江,东部,882,0.0068027211,8.7488919728,-0.7288025790,3.7987650231,high,high,middle,高 GDI × 高 Exposure
乌兰察布,内蒙古,西部,199,0.0000000000,7.5402715729,-2.0815173315,3.2263791435,low,low,low,低 GDI × 低 Exposure
乌海,内蒙古,西部,56,0.0000000000,7.7232275859,-0.2874743629,2.9712875713,low,low,high,低 GDI × 低 Exposure
乌鲁木齐,新疆,西部,1538,0.0039011704,9.1605412423,0.5453678331,3.6012060891,middle,high,high,高 GDI × 高 Exposure
乐东,海南,东部,14,0.0000000000,8.6490744379,0.4669637505,2.2877732292,low,high,high,低 GDI × 高 Exposure
乐山,四川,西部,452,0.0066371681,9.0295380255,-0.7843087117,3.6634031585,high,high,middle,高 GDI × 高 Exposure
九江,江西,中部,1405,0.0142348754,8.7190626721,-0.4962833769,3.8791665985,high,high,middle,高 GDI × 高 Exposure
云南省,云南,未知,248,0.0120967742,9.4886352390,0.5133354973,3.5868488966,high,high,high,高 GDI × 高 Exposure
云浮,广东,东部,367,0.0000000000,8.4389863684,-0.1611820650,3.7329866594,low,middle,high,低 GDI × 高 Exposure
五家渠,新疆,西部,8,0.0000000000,9.3206304283,-0.1161303853,2.1972245773,low,high,high,低 GDI × 高 Exposure
五指山,海南,东部,10,0.0000000000,7.5507756944,-0.3493225526,1.9792045174,low,low,high,低 GDI × 低 Exposure
亳州,安徽,中部,319,0.0000000000,8.0124708943,-1.4536196852,3.5891318660,low,low,low,低 GDI × 低 Exposure
仙桃,湖北,中部,400,0.0000000000,7.9438155215,-1.1770073717,3.6635646764,low,low,low,低 GDI × 低 Exposure
伊春,黑龙江,东北,52,0.0000000000,8.5187953797,-0.5821325134,2.6328164431,low,middle,middle,低 GDI × 高 Exposure
伊犁,新疆,西部,103,0.0000000000,8.6455634827,-0.1733160114,3.3244842169,low,high,high,低 GDI × 高 Exposure
佛山,广东,东部,22680,0.0071428571,8.9450482515,-0.0652137762,4.0288134262,high,high,high,高 GDI × 高 Exposure
佳木斯,黑龙江,东北,107,0.0093457944,7.8359517581,-0.3508607939,2.8973802769,high,low,high,高 GDI × 低 Exposure
保亭,海南,东部,4,0.0000000000,8.8030949662,0.0858417712,0.6365141683,low,high,high,低 GDI × 高 Exposure
保定,河北,东部,1010,0.0009900990,8.2899946357,-1.9938011392,3.4751175297,middle,middle,low,高 GDI × 低 Exposure
保山,云南,西部,193,0.0000000000,9.1149597501,-0.6809815232,3.4997732361,low,high,middle,低 GDI × 高 Exposure
信阳,河南,中部,401,0.0000000000,7.7995322980,-3.0313112357,3.3685460770,low,low,low,低 GDI × 低 Exposure
儋州,海南,东部,89,0.0000000000,8.6489889764,-0.5272616122,3.1861633073,low,high,middle,低 GDI × 高 Exposure
克孜勒苏柯尔克孜,新疆,西部,18,0.0000000000,6.1932635361,-0.7628425241,2.0801158528,low,low,middle,低 GDI × 低 Exposure
克拉玛依,新疆,西部,46,0.0000000000,9.0956876704,-0.4334305550,3.2620303945,low,high,middle,低 GDI × 高 Exposure
六安,安徽,中部,806,0.0074441687,8.3682117444,-0.5078024866,3.7126772287,high,middle,middle,高 GDI × 低 Exposure
六盘水,贵州,西部,227,0.0000000000,8.0785332315,-1.6680615751,3.3378966581,low,low,low,低 GDI × 低 Exposure
兰州,甘肃,西部,1587,0.0006301197,8.7202933794,-0.6408984425,3.4811676541,middle,high,middle,高 GDI × 高 Exposure
兴安盟,内蒙古,西部,35,0.0000000000,8.1359255738,-0.6215259683,3.1262545923,low,low,middle,低 GDI × 低 Exposure
内江,四川,西部,404,0.0024752475,8.5185542813,-0.4205629777,3.6775044178,middle,middle,middle,高 GDI × 高 Exposure
内蒙古,内蒙古,未知,66,0.0000000000,9.4887136265,0.2906845529,3.0030634498,low,high,high,低 GDI × 高 Exposure
凉山,四川,西部,150,0.0133333333,8.6562724079,-0.8845475890,3.3994944637,high,high,middle,高 GDI × 高 Exposure
包头,内蒙古,西部,433,0.0000000000,8.3431201452,-0.9916509117,3.1680156851,low,middle,middle,低 GDI × 低 Exposure
北京,北京,东部,27472,0.0290113570,9.8365154272,1.4341431925,4.0978192798,high,high,high,高 GDI × 高 Exposure
北屯,新疆,西部,1,0.0000000000,7.0947263136,-1.1643578978,0.0000000000,low,low,low,低 GDI × 低 Exposure
北海,广西,西部,352,0.0000000000,8.3137121969,-1.4548323482,3.6308862229,low,middle,low,低 GDI × 低 Exposure
十堰,湖北,中部,611,0.0032733224,8.6463695656,-0.2280558737,3.7256178018,middle,high,high,高 GDI × 高 Exposure
南京,江苏,东部,25508,0.0138387957,9.0731096166,0.3709999179,4.0394279628,high,high,high,高 GDI × 高 Exposure
南充,四川,西部,492,0.0000000000,8.6073108131,-0.4374619691,3.6467398253,low,middle,middle,低 GDI × 高 Exposure
南宁,广西,西部,4346,0.0138057984,9.0149630476,-0.3946951844,3.8566022506,high,high,middle,高 GDI × 高 Exposure
南平,福建,东部,198,0.0000000000,8.7094615347,-1.9263472250,3.6256386047,low,high,low,低 GDI × 高 Exposure
南昌,江西,中部,5369,0.0065189048,8.7739496596,-0.0232600352,3.9028621190,high,high,high,高 GDI × 高 Exposure
南通,江苏,东部,12469,0.0037693480,7.8495840980,-0.7805231455,3.8982449126,middle,low,middle,高 GDI × 低 Exposure
南阳,河南,中部,862,0.0046403712,8.1497689573,-2.5552427496,3.1004714905,high,low,low,高 GDI × 低 Exposure
博尔塔拉,新疆,西部,12,0.0000000000,7.5412143744,-1.0161207428,2.4471513083,low,low,low,低 GDI × 低 Exposure
厦门,福建,东部,4717,0.0127199491,9.0505468907,0.3663838530,4.0167715759,high,high,high,高 GDI × 高 Exposure
双河,新疆,西部,1,0.0000000000,8.3392976780,-0.4712487907,0.6931471806,low,middle,middle,低 GDI × 低 Exposure
双鸭山,黑龙江,东北,31,0.0000000000,8.0625356852,-0.5509803287,2.6472082086,low,low,middle,低 GDI × 低 Exposure
可克达拉,新疆,西部,7,0.0000000000,10.5091056018,-0.7739071811,1.9072839993,low,high,middle,低 GDI × 高 Exposure
台州,浙江,东部,3278,0.0015253203,8.0909223029,-0.4366496416,3.8618271006,middle,low,middle,高 GDI × 低 Exposure
合肥,安徽,中部,16133,0.0103514535,8.6579327162,0.0735715919,3.9788688701,high,high,high,高 GDI × 高 Exposure
吉安,江西,中部,1460,0.0061643836,8.3141332396,-0.4158809749,3.8369561851,high,middle,middle,高 GDI × 低 Exposure
吉林,吉林,东北,318,0.0031446541,8.3380340839,-0.8688943563,3.2786512869,middle,middle,middle,高 GDI × 低 Exposure
吉林省,吉林,未知,131,0.0000000000,8.2593328369,0.3550533476,2.7915005550,low,middle,high,低 GDI × 低 Exposure
吐鲁番,新疆,西部,29,0.0000000000,7.2942821503,-0.9458583393,2.7729734675,low,low,middle,低 GDI × 低 Exposure
吕梁,山西,中部,196,0.0000000000,7.5457464146,-3.2556466047,2.9278925679,low,low,low,低 GDI × 低 Exposure
吴忠,宁夏,西部,106,0.0094339623,8.4879472328,-1.2072313616,3.0605333786,high,middle,low,高 GDI × 高 Exposure
周口,河南,中部,514,0.0000000000,7.9641340549,-3.1959058375,3.2935847816,low,low,low,低 GDI × 低 Exposure
呼伦贝尔,内蒙古,西部,79,0.0000000000,7.8426050477,-0.2543478188,3.1809349974,low,low,high,低 GDI × 低 Exposure
呼和浩特,内蒙古,西部,1157,0.0025929127,8.8535429450,-0.3520965822,3.6323500263,middle,high,high,高 GDI × 高 Exposure
和田,新疆,西部,27,0.0000000000,8.9316177915,0.6811553471,2.7882925380,low,high,high,低 GDI × 高 Exposure
咸宁,湖北,中部,902,0.0011086475,8.1734007297,-0.7662854632,3.8273187297,middle,low,middle,高 GDI × 低 Exposure
咸阳,陕西,西部,1080,0.0000000000,8.1627798863,-1.9296160197,3.6654119146,low,low,low,低 GDI × 低 Exposure
哈密,新疆,西部,94,0.0000000000,7.8830616561,-0.5200869677,3.4369927133,low,low,middle,低 GDI × 低 Exposure
哈尔滨,黑龙江,东北,1942,0.0087538620,8.9935521423,-0.1397711526,3.8272017143,high,high,high,高 GDI × 高 Exposure
唐山,河北,东部,697,0.0043041607,8.5472632740,-1.7056491130,3.4587161308,high,middle,low,高 GDI × 高 Exposure
商丘,河南,中部,378,0.0000000000,7.9280504430,-3.1848207682,3.0772601463,low,low,low,低 GDI × 低 Exposure
商洛,陕西,西部,122,0.0000000000,7.9611752317,-2.2075327182,3.1506241530,low,low,low,低 GDI × 低 Exposure
喀什地区,新疆,西部,121,0.0000000000,9.3425408372,0.3931659971,3.1589227780,low,high,high,低 GDI × 高 Exposure
嘉兴,浙江,东部,11604,0.0053429852,8.2941602893,-0.5345269961,3.9503684766,high,middle,middle,高 GDI × 低 Exposure
嘉峪关,甘肃,西部,61,0.0000000000,8.2313097291,-2.0551788291,2.6051198796,low,middle,low,低 GDI × 低 Exposure
四川省,四川,未知,516,0.0232558140,9.9864848967,0.5582254606,3.5722532146,high,high,high,高 GDI × 高 Exposure
四平,吉林,东北,102,0.0000000000,8.9681977314,-0.3860054641,3.2975562775,low,high,middle,低 GDI × 高 Exposure
固原,宁夏,西部,65,0.0000000000,7.8629041405,-1.5234035664,2.7556823171,low,low,low,低 GDI × 低 Exposure
国外,,未知,3,0.0000000000,6.5395300149,-0.9881937886,2.1458417526,low,low,middle,低 GDI × 低 Exposure
图木舒克,新疆,西部,15,0.0000000000,7.8760200363,-0.4264367327,2.3034884952,low,low,middle,低 GDI × 低 Exposure
塔城,新疆,西部,37,0.0000000000,8.7493366498,-0.3609579145,3.1007011919,low,high,high,低 GDI × 高 Exposure
大兴安岭,黑龙江,东北,17,0.0000000000,8.8757077452,-0.0846770664,2.3021471895,low,high,high,低 GDI × 高 Exposure
大同,山西,中部,448,0.0022321429,8.4560001628,-2.1734120442,3.1436439401,middle,middle,low,高 GDI × 高 Exposure
大庆,黑龙江,东北,172,0.0000000000,8.5410371212,-0.7309357717,3.2873550467,low,middle,middle,低 GDI × 高 Exposure
大理,云南,西部,562,0.0017793594,8.9989705221,-0.4487830121,3.5791855932,middle,high,middle,高 GDI × 高 Exposure
大连,辽宁,东北,6238,0.0081756973,8.6361715025,-0.7406848159,3.9931356401,high,high,middle,高 GDI × 高 Exposure
天水,甘肃,西部,219,0.0000000000,8.2079089986,-2.3975217878,2.9255122571,low,middle,low,低 GDI × 低 Exposure
天津,天津,东部,7051,0.0102113175,8.8995065550,0.0991275255,3.9840582910,high,high,high,高 GDI × 高 Exposure
天门,湖北,中部,278,0.0000000000,8.2736335303,-0.7445515258,3.5436009000,low,middle,middle,低 GDI × 低 Exposure
太仓,,未知,5,0.0000000000,7.7993673791,0.4575005285,2.3693821197,low,low,high,低 GDI × 低 Exposure
太原,山西,中部,2188,0.0036563071,8.7096774042,-0.4188462092,3.6824140282,middle,high,middle,高 GDI × 高 Exposure
威海,山东,东部,494,0.0101214575,8.6326484827,-0.5024000924,3.8403240061,high,high,middle,高 GDI × 高 Exposure
娄底,湖南,中部,351,0.0000000000,8.4137096351,-1.0894575707,3.5655954104,low,middle,low,低 GDI × 高 Exposure
孝感,湖北,中部,1591,0.0050282841,8.1229739136,-1.0819565421,3.8450170528,high,low,low,高 GDI × 低 Exposure
宁夏,宁夏,未知,46,0.0217391304,9.1323741251,0.6299854029,2.7309553859,high,high,high,高 GDI × 高 Exposure
宁德,福建,东部,756,0.0026455026,8.2812104558,-0.5726936392,3.7619684631,middle,middle,middle,高 GDI × 低 Exposure
宁波,浙江,东部,31120,0.0054305913,8.5985321812,-0.0868094209,3.9464120276,high,middle,high,高 GDI × 高 Exposure
安庆,安徽,中部,788,0.0012690355,7.9368059262,-1.0683284703,3.6056740359,middle,low,low,高 GDI × 低 Exposure
安康,陕西,西部,212,0.0000000000,8.4092247520,-2.2270555779,3.1818518319,low,middle,low,低 GDI × 高 Exposure
安徽省,安徽,未知,305,0.0131147541,8.5899466880,0.4902657861,3.2989298570,high,middle,high,高 GDI × 高 Exposure
安阳,河南,中部,384,0.0000000000,7.9774883980,-3.3891582982,3.2548498028,low,low,low,低 GDI × 低 Exposure
安顺,贵州,西部,172,0.0000000000,7.7959162773,-1.9989480845,3.4016405600,low,low,low,低 GDI × 低 Exposure
定安,海南,东部,25,0.0000000000,8.2949658505,-0.5108377052,2.9489543702,low,middle,middle,低 GDI × 低 Exposure
定西,甘肃,西部,103,0.0097087379,8.5326030252,-1.1128714340,3.0740915812,high,middle,low,高 GDI × 高 Exposure
宜宾,四川,西部,1280,0.0000000000,8.5503743537,-0.3454852423,3.8845239709,low,middle,high,低 GDI × 高 Exposure
宜昌,湖北,中部,1553,0.0032195750,8.4919749022,-0.5639655233,3.7981094813,middle,middle,middle,高 GDI × 高 Exposure
宜春,江西,中部,927,0.0021574973,8.1356426354,-1.0691818512,3.7884062123,middle,low,low,高 GDI × 低 Exposure
宝鸡,陕西,西部,563,0.0000000000,8.0522187148,-1.8847468439,3.4339215674,low,low,low,低 GDI × 低 Exposure
宣城,安徽,中部,899,0.0033370412,7.8005512555,-0.8163843350,3.7716494310,middle,low,middle,高 GDI × 低 Exposure
宿州,安徽,中部,580,0.0000000000,8.4399837164,-1.5079556285,3.5497940828,low,middle,low,低 GDI × 高 Exposure
宿迁,江苏,东部,983,0.0020345880,8.0961703514,-0.8645074761,3.7916765416,middle,low,middle,高 GDI × 低 Exposure
屯昌,海南,东部,2,0.0000000000,8.2187076282,0.3090059735,0.6931471806,low,middle,high,低 GDI × 低 Exposure
山东省,山东,未知,457,0.0021881838,9.0191058768,-0.2734635429,3.4235106542,middle,high,high,高 GDI × 高 Exposure
山南,西藏,西部,13,0.0000000000,7.1886852255,-0.0990910192,2.5325911608,low,low,high,低 GDI × 低 Exposure
山西省,山西,未知,129,0.0000000000,8.5575803864,0.8006865111,3.1661550204,low,middle,high,低 GDI × 高 Exposure
岳阳,湖南,中部,827,0.0012091898,7.9118750575,-1.6605447889,3.6895648056,middle,low,low,高 GDI × 低 Exposure
崇左,广西,西部,236,0.0042372881,8.8573250709,-1.3846398007,3.6921386977,high,high,low,高 GDI × 高 Exposure
巴中,四川,西部,111,0.0000000000,9.1993587013,-0.1351824410,3.4514582681,low,high,high,低 GDI × 高 Exposure
巴彦淖尔,内蒙古,西部,98,0.0000000000,7.9102295836,-0.3184388594,3.1798639409,low,low,high,低 GDI × 低 Exposure
巴音郭楞,新疆,西部,74,0.0135135135,9.1725286815,-0.0394273770,3.3857988037,high,high,high,高 GDI × 高 Exposure
常州,江苏,东部,19794,0.0047994342,8.2161414227,-0.5330769965,3.9391115585,high,middle,middle,高 GDI × 低 Exposure
常德,湖南,中部,586,0.0017064846,7.8856758902,-1.2091580310,3.5231455654,middle,low,low,高 GDI × 低 Exposure
常熟,,未知,7,0.0000000000,7.9536331787,0.2346559553,2.0198149925,low,low,high,低 GDI × 低 Exposure
平凉,甘肃,西部,83,0.0000000000,8.3527206639,-1.4377359250,2.9485932732,low,middle,low,低 GDI × 低 Exposure
平顶山,河南,中部,364,0.0000000000,8.0396440097,-2.9429746699,3.3188912294,low,low,low,低 GDI × 低 Exposure
广东省,广东,未知,835,0.0083832335,9.1315511096,0.6918627626,3.8404551320,high,high,high,高 GDI × 高 Exposure
广元,四川,西部,145,0.0000000000,8.4866055453,-0.7156106233,3.2843545732,low,middle,middle,低 GDI × 高 Exposure
广安,四川,西部,335,0.0059701493,8.3214801417,-0.4976118547,3.6834500712,high,middle,middle,高 GDI × 低 Exposure
广州,广东,东部,82252,0.0127656470,9.3168269692,0.3924686362,4.0762063933,high,high,high,高 GDI × 高 Exposure
广西,广西,未知,181,0.0110497238,9.2372964032,0.0535394283,3.1312431790,high,high,high,高 GDI × 高 Exposure
庆阳,甘肃,西部,132,0.0000000000,8.1903741103,-2.8188077160,2.8867004463,low,low,low,低 GDI × 低 Exposure
廊坊,河北,东部,1059,0.0028328612,8.0684063823,-0.9683219398,3.4775539889,middle,low,middle,高 GDI × 低 Exposure
延吉,吉林,东北,56,0.0357142857,8.5728740761,-0.7236870561,2.8945386792,high,middle,middle,高 GDI × 高 Exposure
延安,陕西,西部,195,0.0000000000,8.4843370518,-2.7466602362,3.1230772113,low,middle,low,低 GDI × 高 Exposure
延边,吉林,东北,70,0.0142857143,10.1906100278,-0.5099212227,3.2808200405,high,high,middle,高 GDI × 高 Exposure
开封,河南,中部,539,0.0000000000,8.1601557486,-2.9301940458,3.3480545478,low,low,low,低 GDI × 低 Exposure
开平,广东,东部,249,0.0040160643,7.7733851918,-0.7790618753,3.6181724774,middle,low,middle,高 GDI × 低 Exposure
张家口,河北,东部,445,0.0000000000,8.4798756704,-1.8984579850,3.2779196643,low,middle,low,低 GDI × 高 Exposure
张家港,,未知,6,0.0000000000,8.3392976780,0.2336641040,1.7478680975,low,middle,high,低 GDI × 低 Exposure
张家界,湖南,中部,105,0.0000000000,8.4043973231,-1.1990843569,3.2044473341,low,middle,low,低 GDI × 高 Exposure
张掖,甘肃,西部,116,0.0000000000,7.9827141350,-1.8107143949,3.0138100113,low,low,low,低 GDI × 低 Exposure
徐州,江苏,东部,2757,0.0029017048,8.6911625636,-0.2229930344,3.8752980615,middle,high,high,高 GDI × 高 Exposure
德宏,云南,西部,132,0.0000000000,8.5256203711,-0.4854880896,3.3593582267,low,middle,middle,低 GDI × 高 Exposure
德州,山东,东部,380,0.0000000000,8.4145375663,-1.0493453421,3.4757465234,low,middle,low,低 GDI × 高 Exposure
德阳,四川,西部,922,0.0021691974,8.1782952444,-0.5677496712,3.8914309031,middle,low,middle,高 GDI × 低 Exposure
忻州,山西,中部,149,0.0000000000,7.6520793147,-2.9205355730,3.0276728118,low,low,low,低 GDI × 低 Exposure
怀化,湖南,中部,320,0.0000000000,8.6213823131,-1.5808605002,3.3956172348,low,high,low,低 GDI × 高 Exposure
怒江,云南,西部,44,0.0000000000,8.1002607520,-1.5360319347,3.0400338223,low,low,low,低 GDI × 低 Exposure
恩施,湖北,中部,206,0.0000000000,8.9658975912,0.2569846746,3.2613022060,low,high,high,低 GDI × 高 Exposure
惠州,广东,东部,16074,0.0051636183,8.3488415680,-0.2831585039,3.9076718233,high,middle,high,高 GDI × 低 Exposure
成都,四川,西部,35212,0.0115869590,9.1397753456,0.2501807993,4.0009566922,high,high,high,高 GDI × 高 Exposure
扬州,江苏,东部,2905,0.0041308090,8.2031026911,-0.6638388838,3.9057651228,middle,low,middle,高 GDI × 低 Exposure
承德,河北,东部,319,0.0031347962,8.2795211480,-1.9102288383,3.2314167981,middle,middle,low,高 GDI × 低 Exposure
抚州,江西,中部,411,0.0000000000,8.0810012405,-1.9474572968,3.5518060537,low,low,low,低 GDI × 低 Exposure
抚顺,辽宁,东北,141,0.0141843972,8.2504328495,-0.8876253951,3.0663704689,high,middle,middle,高 GDI × 低 Exposure
拉萨,西藏,西部,321,0.0062305296,8.9512689075,0.0233034658,3.5590686348,high,high,high,高 GDI × 高 Exposure
揭阳,广东,东部,428,0.0023364486,9.0922997412,-0.0346250066,3.5035563832,middle,high,high,高 GDI × 高 Exposure
攀枝花,四川,西部,282,0.0000000000,8.3073363908,-0.1254383854,3.3240673576,low,middle,high,低 GDI × 低 Exposure
文山,云南,西部,193,0.0000000000,8.8639846539,-0.2978658205,3.3286578630,low,high,high,低 GDI × 高 Exposure
文昌,海南,东部,112,0.0000000000,8.8083604369,-0.4996335602,3.3291295860,low,high,middle,低 GDI × 高 Exposure
新乡,河南,中部,825,0.0012121212,8.3618995706,-1.7732526285,3.5837519474,middle,middle,low,高 GDI × 低 Exposure
新余,江西,中部,347,0.0028818444,8.3560784588,-1.7021832111,3.6366767020,middle,middle,low,高 GDI × 低 Exposure
新星,新疆,西部,4,0.0000000000,11.0566756466,-1.0657266435,1.9061547465,low,high,low,低 GDI × 高 Exposure
新疆,新疆,未知,74,0.0000000000,9.0430657923,0.0932070089,2.8582747358,low,high,high,低 GDI × 高 Exposure
无锡,江苏,东部,24491,0.0068188314,8.4485783990,-0.2160231051,3.9827949211,high,middle,high,高 GDI × 高 Exposure
日喀则,西藏,西部,13,0.0000000000,9.8631622354,0.1670915206,2.3947004059,low,high,high,低 GDI × 高 Exposure
日照,山东,东部,240,0.0000000000,8.2351336281,-0.6041342893,3.4692144457,low,middle,middle,低 GDI × 低 Exposure
昆山,,未知,12,0.0000000000,8.1143267202,0.6883818174,2.4387482309,low,low,high,低 GDI × 低 Exposure
昆明,云南,西部,13915,0.0053180022,9.2783636895,0.0924749029,3.8305381591,high,high,high,高 GDI × 高 Exposure
昌吉,新疆,西部,161,0.0000000000,8.5802793942,-0.2039317000,3.5050458728,low,middle,high,低 GDI × 高 Exposure
昌江,海南,东部,41,0.0000000000,6.8964767648,-2.3173396491,2.4515836971,low,low,low,低 GDI × 低 Exposure
昌都,西藏,西部,9,0.0000000000,7.5667675691,-0.2829217020,2.1972245773,low,low,high,低 GDI × 低 Exposure
昭通,云南,西部,253,0.0000000000,8.4047952411,-1.2983226576,3.4455241609,low,middle,low,低 GDI × 高 Exposure
晋中,山西,中部,225,0.0000000000,7.9089365886,-2.6276885637,3.1800534872,low,low,low,低 GDI × 低 Exposure
晋城,山西,中部,183,0.0000000000,7.7979028863,-2.9557995396,3.1293328069,low,low,low,低 GDI × 低 Exposure
普洱,云南,西部,191,0.0052356021,9.0236462059,0.0744003203,3.4722848311,high,high,high,高 GDI × 高 Exposure
景德镇,江西,中部,381,0.0000000000,8.5208178962,-1.5523425381,3.6237410209,low,middle,low,低 GDI × 高 Exposure
曲靖,云南,西部,870,0.0000000000,8.5864965097,-0.7986649534,3.7480162762,low,middle,middle,低 GDI × 高 Exposure
朔州,山西,中部,131,0.0000000000,8.2781242561,-3.9372413497,2.9776845960,low,middle,low,低 GDI × 低 Exposure
朝阳,辽宁,东北,181,0.0165745856,8.4819991153,-0.6724180518,3.4127880441,high,middle,middle,高 GDI × 高 Exposure
本溪,辽宁,东北,130,0.0000000000,7.4960937509,-0.5149828674,3.2331208498,low,low,middle,低 GDI × 低 Exposure
来宾,广西,西部,129,0.0000000000,8.3159555347,-1.3094507218,3.4285847536,low,middle,low,低 GDI × 低 Exposure
杨凌,陕西,西部,82,0.0121951220,7.7520528340,-0.7537668666,3.5322157955,high,low,middle,高 GDI × 低 Exposure
杭州,浙江,东部,30790,0.0135758363,9.2296793627,0.5770330092,4.0671292126,high,high,high,高 GDI × 高 Exposure
松原,吉林,东北,71,0.0000000000,8.2142181815,-0.7264178998,3.2136699720,low,middle,middle,低 GDI × 低 Exposure
林芝,西藏,西部,83,0.0240963855,9.4478780853,0.8570141471,3.2661450722,high,high,high,高 GDI × 高 Exposure
果洛,青海,西部,2,0.0000000000,8.3392976780,0.9962566442,1.0986122887,low,middle,high,低 GDI × 低 Exposure
枣庄,山东,东部,282,0.0000000000,8.4362622265,-1.0093946928,3.6226794176,low,middle,low,低 GDI × 高 Exposure
柳州,广西,西部,1390,0.0035971223,8.6297856853,-0.3791073733,3.7988949507,middle,high,high,高 GDI × 高 Exposure
株洲,湖南,中部,1218,0.0000000000,8.2554483984,-0.9738772758,3.7655102176,low,middle,middle,低 GDI × 低 Exposure
桂林,广西,西部,1038,0.0105973025,9.4322155762,0.6558865319,3.9862909346,high,high,high,高 GDI × 高 Exposure
梅州,广东,东部,456,0.0021929825,8.4383422842,-0.4156606929,3.6808162718,middle,middle,middle,高 GDI × 高 Exposure
梧州,广西,西部,287,0.0034843206,8.6445282659,-1.0800850413,3.5809642417,middle,high,low,高 GDI × 高 Exposure
楚雄,云南,西部,340,0.0058823529,8.5575481043,-0.8330698006,3.5777714744,high,middle,middle,高 GDI × 高 Exposure
榆林,陕西,西部,449,0.0044543430,8.0806419435,-2.2346480772,3.4155615357,high,low,low,高 GDI × 低 Exposure
武威,甘肃,西部,114,0.0087719298,8.1387625416,-1.5780787977,3.1750717812,high,low,low,高 GDI × 低 Exposure
武汉,湖北,中部,51755,0.0093903971,8.9672197130,0.0654324876,4.0200397545,high,high,high,高 GDI × 高 Exposure
毕节,贵州,西部,302,0.0033112583,8.0247686838,-2.7876671371,3.3813168927,middle,low,low,高 GDI × 低 Exposure
永州,湖南,中部,314,0.0000000000,8.7556699632,-0.8825675110,3.6197903268,low,high,middle,低 GDI × 高 Exposure
汉中,陕西,西部,216,0.0000000000,7.8353785926,-2.8211337330,3.0877097672,low,low,low,低 GDI × 低 Exposure
汕头,广东,东部,1462,0.0020519836,8.7512987271,-0.2020024765,3.7609747888,middle,high,high,高 GDI × 高 Exposure
汕尾,广东,东部,607,0.0016474465,8.4555102790,-0.7411375655,3.8183114399,middle,middle,middle,高 GDI × 高 Exposure
江苏省,江苏,未知,707,0.0028288543,9.2341040147,0.6936057473,3.5742797149,middle,high,high,高 GDI × 高 Exposure
江西省,江西,未知,240,0.0000000000,9.2337141674,0.8306700944,3.3742719364,low,high,high,低 GDI × 高 Exposure
江门,广东,东部,5036,0.0025814138,8.4431323177,-0.5788186280,3.9086361139,middle,middle,middle,高 GDI × 高 Exposure
池州,安徽,中部,295,0.0033898305,8.0291941010,-0.6585308022,3.6218503840,middle,low,middle,高 GDI × 低 Exposure
沈阳,辽宁,东北,6016,0.0058178191,8.7481045222,-0.2089593179,3.9112238121,high,high,high,高 GDI × 高 Exposure
沧州,河北,东部,663,0.0015082956,8.1814625045,-1.8079057478,3.5144599531,middle,low,low,高 GDI × 低 Exposure
河北省,河北,未知,250,0.0000000000,8.9102876788,1.0038627425,2.9891325764,low,high,high,低 GDI × 高 Exposure
河南省,河南,未知,346,0.0000000000,9.0072815641,0.8327673864,3.2247552979,low,high,high,低 GDI × 高 Exposure
河池,广西,西部,113,0.0000000000,8.8861149040,-0.8728672575,3.4351465322,low,high,middle,低 GDI × 高 Exposure
河源,广东,东部,1234,0.0024311183,8.2169001749,-0.4450538741,3.7387179859,middle,middle,middle,高 GDI × 低 Exposure
泉州,福建,东部,2133,0.0032817628,8.9861384100,-0.1179614313,3.8253497138,middle,high,high,高 GDI × 高 Exposure
泰安,山东,东部,312,0.0000000000,8.2111844276,-0.7137346622,3.4833929199,low,middle,middle,低 GDI × 低 Exposure
泰州,江苏,东部,2832,0.0017655367,8.0296123477,-0.9197435907,3.8635176799,middle,low,middle,高 GDI × 低 Exposure
泸州,四川,西部,637,0.0031397174,9.0245959066,-0.1994639555,3.8015274572,middle,high,high,高 GDI × 高 Exposure
洋浦经济开发区,海南,东部,19,0.0000000000,10.4417215710,0.6500559910,3.0955578320,low,high,high,低 GDI × 高 Exposure
洛阳,河南,中部,1077,0.0027855153,8.4375881869,-1.8180312686,3.6213552956,middle,middle,low,高 GDI × 高 Exposure
济南,山东,东部,4969,0.0100623868,8.9589587808,0.2008157151,3.8365706937,high,high,high,高 GDI × 高 Exposure
济宁,山东,东部,749,0.0053404539,8.5426374292,-1.0474548962,3.7615821285,high,middle,low,高 GDI × 高 Exposure
济源,河南,中部,88,0.0000000000,7.2809501659,-4.6659170176,2.6840225311,low,low,low,低 GDI × 低 Exposure
浙江省,浙江,未知,668,0.0014970060,9.1665635436,0.4889486848,3.7190548473,middle,high,high,高 GDI × 高 Exposure
海东,青海,西部,33,0.0000000000,8.0660532970,-1.5545476587,2.4082687167,low,low,low,低 GDI × 低 Exposure
海北,青海,西部,6,0.0000000000,7.2999605930,0.5606236099,1.3862943611,low,low,high,低 GDI × 低 Exposure
海南州,青海,西部,8,0.0000000000,12.1481255434,-0.9955196676,2.0794415417,low,high,middle,低 GDI × 高 Exposure
海南省,海南,未知,110,0.0000000000,9.0459282754,0.6980460202,3.0518118879,low,high,high,低 GDI × 高 Exposure
海口,海南,东部,1511,0.0019854401,9.2955697942,0.2306681619,3.8117208666,middle,high,high,高 GDI × 高 Exposure
海宁,浙江,东部,931,0.0021482277,8.2822155499,-0.7007016812,3.8450286562,middle,middle,middle,高 GDI × 低 Exposure
海西,青海,西部,76,0.0000000000,8.1371534752,-0.8099731112,3.1368071409,low,low,middle,低 GDI × 低 Exposure
淄博,山东,东部,528,0.0151515152,8.4488619315,-0.5273811082,3.6499298824,high,middle,middle,高 GDI × 高 Exposure
淮北,安徽,中部,260,0.0000000000,7.9816308421,-1.5429180906,3.6992495417,low,low,low,低 GDI × 低 Exposure
淮南,安徽,中部,391,0.0000000000,8.1199235673,-0.6972164702,3.7173645658,low,low,middle,低 GDI × 低 Exposure
淮安,江苏,东部,1739,0.0017251294,8.1639963550,-0.7507659328,3.8221909073,middle,low,middle,高 GDI × 低 Exposure
深圳,深圳,东部,98489,0.0124683975,9.1391458723,0.3955395005,4.0677072111,high,high,high,高 GDI × 高 Exposure
清远,广东,东部,3012,0.0019920319,8.3049960681,-0.8473425170,3.8234695628,middle,middle,middle,高 GDI × 低 Exposure
温州,浙江,东部,4254,0.0023507287,8.6174277452,-0.2310438570,3.8876303679,middle,high,high,高 GDI × 高 Exposure
渭南,陕西,西部,325,0.0000000000,8.2040513315,-2.0766735643,3.4236246813,low,low,low,低 GDI × 低 Exposure
湖北省,湖北,未知,500,0.0060000000,9.3113045805,0.8000879521,3.6183494441,high,high,high,高 GDI × 高 Exposure
湖南省,湖南,未知,342,0.0000000000,9.0166088458,0.3934117754,3.1797040970,low,high,high,低 GDI × 高 Exposure
湖州,浙江,东部,3982,0.0057759920,8.3438088175,-0.5333062260,3.9120686555,high,middle,middle,高 GDI × 低 Exposure
湘潭,湖南,中部,1092,0.0000000000,8.1740577515,-0.9235885470,3.7601875956,low,low,middle,低 GDI × 低 Exposure
湘西,湖南,中部,117,0.0000000000,8.2078369626,-0.5590867287,3.4366004357,low,low,middle,低 GDI × 低 Exposure
湛江,广东,东部,1691,0.0017740982,8.9971451520,-0.3271963278,3.6850820986,middle,high,high,高 GDI × 高 Exposure
滁州,安徽,中部,1978,0.0025278059,7.9694787136,-0.9402003958,3.8403352603,middle,low,middle,高 GDI × 低 Exposure
滨州,山东,东部,247,0.0040485830,8.3685336394,-0.5658234481,3.5942151049,middle,middle,middle,高 GDI × 低 Exposure
漯河,河南,中部,286,0.0069930070,7.7297165886,-2.8137087909,3.2909452043,high,low,low,高 GDI × 低 Exposure
漳州,福建,东部,717,0.0027894003,8.8531013939,-0.2515002488,3.6610012061,middle,high,high,高 GDI × 高 Exposure
潍坊,山东,东部,1126,0.0035523979,8.3757261852,-0.2992832492,3.7792107058,middle,middle,high,高 GDI × 低 Exposure
潜江,湖北,中部,245,0.0000000000,8.0850764209,-1.0390864773,3.4863560443,low,low,low,低 GDI × 低 Exposure
潮州,广东,东部,413,0.0000000000,9.0927920945,-0.4356245572,3.6515177428,low,high,middle,低 GDI × 高 Exposure
澄迈,海南,东部,71,0.0000000000,8.6530811514,-0.9720006851,3.3492878415,low,high,middle,低 GDI × 高 Exposure
濮阳,河南,中部,227,0.0000000000,7.8569098971,-3.3995892198,3.0384012714,low,low,low,低 GDI × 低 Exposure
烟台,山东,东部,1330,0.0037593985,8.7418363303,-0.2583589801,3.9315717117,middle,high,high,高 GDI × 高 Exposure
焦作,河南,中部,386,0.0000000000,7.8749679162,-3.5824244408,3.2702572759,low,low,low,低 GDI × 低 Exposure
燕郊开发区,河北,东部,46,0.0000000000,8.3655095886,-1.6765625351,2.8969327688,low,middle,low,低 GDI × 低 Exposure
牡丹江,黑龙江,东北,91,0.0000000000,8.7334699933,-0.2134130763,3.1112536477,low,high,high,低 GDI × 高 Exposure
玉林,广西,西部,409,0.0000000000,8.3530819757,-0.8200838250,3.6145000369,low,middle,middle,低 GDI × 低 Exposure
玉树,青海,西部,8,0.0000000000,5.8844788469,-0.6368673656,1.8891591638,low,low,middle,低 GDI × 低 Exposure
玉溪,云南,西部,432,0.0000000000,8.4444851120,-1.1107865701,3.5199992754,low,middle,low,低 GDI × 高 Exposure
珠海,广东,东部,10203,0.0093109870,8.7374999252,-0.2010977305,4.0648912861,high,high,high,高 GDI × 高 Exposure
琼中,海南,东部,2,0.0000000000,7.7170119958,0.1433721478,1.0986122887,low,low,high,低 GDI × 低 Exposure
琼海,海南,东部,37,0.0000000000,8.7213539323,0.3762297592,2.4664607602,low,high,high,低 GDI × 高 Exposure
甘南,甘肃,西部,43,0.0000000000,9.3188295591,-0.7160212791,2.7880941051,low,high,middle,低 GDI × 高 Exposure
甘孜,四川,西部,95,0.0000000000,8.6156427085,-0.9181099086,3.4134720853,low,high,middle,低 GDI × 高 Exposure
甘肃省,甘肃,未知,106,0.0000000000,9.1243951388,0.6196072496,3.1309818689,low,high,high,低 GDI × 高 Exposure
白城,吉林,东北,53,0.0000000000,8.5693629312,-0.8781564953,2.8325852839,low,middle,middle,低 GDI × 高 Exposure
白山,吉林,东北,48,0.0000000000,8.5651525665,-0.6531942087,3.2254906834,low,middle,middle,低 GDI × 高 Exposure
白沙,海南,东部,2,0.0000000000,5.6396461834,-2.6393662338,0.6365141683,low,low,low,低 GDI × 低 Exposure
白银,甘肃,西部,92,0.0000000000,8.3100084880,-1.8592001591,2.7278675889,low,middle,low,低 GDI × 低 Exposure
百色,广西,西部,177,0.0056497175,8.9355237208,-0.4971667235,3.3597238405,high,high,middle,高 GDI × 高 Exposure
益阳,湖南,中部,438,0.0000000000,8.0564431348,-2.1094270250,3.5806315088,low,low,low,低 GDI × 低 Exposure
盐城,江苏,东部,2641,0.0022718667,8.0774160553,-0.6840827653,3.8678010739,middle,low,middle,高 GDI × 低 Exposure
盘锦,辽宁,东北,124,0.0000000000,8.1969640038,-0.6141976038,3.2581542996,low,low,middle,低 GDI × 低 Exposure
眉山,四川,西部,888,0.0011261261,8.4786009879,-1.0217740280,3.8911299330,middle,middle,low,高 GDI × 高 Exposure
石嘴山,宁夏,西部,84,0.0000000000,7.3587621355,-1.4857738331,3.1259579556,low,low,low,低 GDI × 低 Exposure
石家庄,河北,东部,2858,0.0041987404,8.9198353067,-0.1980633302,3.6801028345,middle,high,high,高 GDI × 高 Exposure
石河子,新疆,西部,36,0.0000000000,8.5759085056,-0.6863304069,2.8435356865,low,middle,middle,低 GDI × 高 Exposure
神农架,湖北,中部,24,0.0000000000,9.2625041372,-1.5827023891,3.0288503481,low,high,low,低 GDI × 高 Exposure
福州,福建,东部,3971,0.0098212037,8.9946258129,0.1693834171,3.9155138099,high,high,high,高 GDI × 高 Exposure
福建省,福建,未知,282,0.0000000000,8.6195268555,0.6570651974,3.1948929077,low,high,high,低 GDI × 高 Exposure
秦皇岛,河北,东部,453,0.0022075055,8.4312529495,-1.8576987090,3.3275433798,middle,middle,low,高 GDI × 高 Exposure
红河州,云南,西部,496,0.0000000000,8.3480343703,-0.1792662211,3.4675283487,low,middle,high,低 GDI × 低 Exposure
绍兴,浙江,东部,3332,0.0030012005,8.4487885654,-0.4566150245,3.9584529790,middle,middle,middle,高 GDI × 高 Exposure
绥化,黑龙江,东北,136,0.0000000000,8.3267799215,-1.1097768519,2.7493287255,low,middle,low,低 GDI × 低 Exposure
绵阳,四川,西部,1464,0.0061475410,8.6093768642,0.0588962974,3.8852476157,high,middle,high,高 GDI × 高 Exposure
聊城,山东,东部,332,0.0030120482,8.3908372598,-0.4168096127,3.7252345303,middle,middle,middle,高 GDI × 低 Exposure
肇庆,广东,东部,2968,0.0023584906,8.2374687208,-0.8338806258,3.7908005669,middle,middle,middle,高 GDI × 低 Exposure
胡杨河,新疆,西部,5,0.0000000000,5.6396461834,-1.9327630019,2.3025850930,low,low,low,低 GDI × 低 Exposure
自贡,四川,西部,326,0.0000000000,8.4423437383,-0.7797339268,3.6146217954,low,middle,middle,低 GDI × 高 Exposure
舟山,浙江,东部,568,0.0017605634,8.2299031036,-1.3542437563,3.7541717017,middle,middle,low,高 GDI × 低 Exposure
芜湖,安徽,中部,5804,0.0065472088,8.3494147320,-0.0889244823,3.8888485849,high,middle,high,高 GDI × 低 Exposure
苏州,江苏,东部,87704,0.0067043692,8.3586475398,-0.3050809806,3.9511697165,high,middle,high,高 GDI × 低 Exposure
茂名,广东,东部,690,0.0000000000,8.6045724020,-0.3630983570,3.6920291477,low,middle,high,低 GDI × 高 Exposure
荆州,湖北,中部,1397,0.0014316392,8.2933540332,-1.0244052981,3.8374653046,middle,middle,low,高 GDI × 低 Exposure
荆门,湖北,中部,2626,0.0011424219,7.7679806131,-0.6365096773,3.8279055792,middle,low,middle,高 GDI × 低 Exposure
莆田,福建,东部,417,0.0000000000,8.5285510354,-0.9095506423,3.6696929932,low,middle,middle,低 GDI × 高 Exposure
菏泽,山东,东部,401,0.0024937656,8.3981123507,-1.4764150348,3.5179224778,middle,middle,low,高 GDI × 低 Exposure
萍乡,江西,中部,531,0.0000000000,8.3533947180,-1.6803365483,3.5729653766,low,middle,low,低 GDI × 低 Exposure
营口,辽宁,东北,876,0.0000000000,7.4009889175,-1.7158373724,3.3482501234,low,low,low,低 GDI × 低 Exposure
葫芦岛,辽宁,东北,173,0.0000000000,7.9576915086,-0.7510484959,3.4020484526,low,low,middle,低 GDI × 低 Exposure
蚌埠,安徽,中部,732,0.0040983607,8.2421349048,-1.0010324757,3.6867167630,middle,middle,middle,高 GDI × 低 Exposure
衡水,河北,东部,332,0.0000000000,8.0185323079,-2.8378410656,3.1261026580,low,low,low,低 GDI × 低 Exposure
衡阳,湖南,中部,721,0.0069348128,8.4004785298,-0.8161891706,3.7407527831,high,middle,middle,高 GDI × 低 Exposure
衢州,浙江,东部,1082,0.0000000000,8.3151386971,-0.7236216999,3.7774295650,low,middle,middle,低 GDI × 低 Exposure
襄阳,湖北,中部,1904,0.0015756303,8.2619582870,-0.5983853329,3.7711840299,middle,middle,middle,高 GDI × 低 Exposure
西双版纳,云南,西部,252,0.0000000000,9.2380229909,-0.5859867099,3.4574058804,low,high,middle,低 GDI × 高 Exposure
西宁,青海,西部,592,0.0000000000,8.7551861023,-0.6733747691,3.5737877455,low,high,middle,低 GDI × 高 Exposure
西安,陕西,西部,13316,0.0109642535,9.1837959513,0.4397860300,3.9502865226,high,high,high,高 GDI × 高 Exposure
西昌,四川,西部,80,0.0000000000,8.6813551650,0.3298879482,3.2782411529,low,high,high,低 GDI × 高 Exposure
西藏,西藏,未知,9,0.0000000000,9.3302825372,0.5620359971,1.4735023851,low,high,high,低 GDI × 高 Exposure
许昌,河南,中部,660,0.0030303030,8.4424340389,-1.8843094621,3.6360037085,middle,middle,low,高 GDI × 高 Exposure
贵州省,贵州,未知,123,0.0000000000,8.9436108729,1.1309311995,2.8825268209,low,high,high,低 GDI × 高 Exposure
贵港,广西,西部,236,0.0000000000,8.2746131362,-1.5700436381,3.5103473068,low,middle,low,低 GDI × 低 Exposure
贵阳,贵州,西部,2786,0.0093323762,9.1331772877,-0.4211597159,3.8174731779,high,high,middle,高 GDI × 高 Exposure
贺州,广西,西部,135,0.0000000000,8.6377359725,-0.9889503177,3.3334035745,low,high,middle,低 GDI × 高 Exposure
资阳,四川,西部,192,0.0052083333,8.5082079845,-0.2119793419,3.5873114066,high,middle,high,高 GDI × 高 Exposure
赣州,江西,中部,1738,0.0028768700,8.2721195869,-0.8503798134,3.8134415138,middle,middle,middle,高 GDI × 低 Exposure
赤峰,内蒙古,西部,323,0.0000000000,7.7149169962,-1.1544431461,3.0386305132,low,low,low,低 GDI × 低 Exposure
辽宁省,辽宁,未知,240,0.0083333333,8.8562514327,0.2487045654,3.5411511251,high,high,high,高 GDI × 高 Exposure
辽源,吉林,东北,54,0.0000000000,8.1601516499,-1.4289753255,2.8571097487,low,low,low,低 GDI × 低 Exposure
辽阳,辽宁,东北,100,0.0000000000,7.8259740498,-0.6265262235,3.1518612032,low,low,middle,低 GDI × 低 Exposure
达州,四川,西部,262,0.0000000000,8.6184553590,-0.3904731653,3.4602594734,low,high,middle,低 GDI × 高 Exposure
运城,山西,中部,398,0.0000000000,8.0644483435,-2.3618911373,3.2573875019,low,low,low,低 GDI × 低 Exposure
连云港,江苏,东部,1187,0.0016849200,8.3543569353,-1.0694947717,3.8377889616,middle,middle,low,高 GDI × 低 Exposure
迪庆,云南,西部,35,0.0000000000,8.6789513403,-0.4907166400,3.1305830477,low,high,middle,低 GDI × 高 Exposure
通化,吉林,东北,98,0.0000000000,7.9131525488,-1.5057625702,3.1374763971,low,low,low,低 GDI × 低 Exposure
通辽,内蒙古,西部,230,0.0000000000,8.1009742166,-1.0399548411,3.1321900384,low,low,low,低 GDI × 低 Exposure
遂宁,四川,西部,512,0.0000000000,8.4457935596,-0.3335896044,3.7344155342,low,middle,high,低 GDI × 高 Exposure
遵义,贵州,西部,422,0.0000000000,8.4731781796,-2.0304690591,3.2602603842,low,middle,low,低 GDI × 高 Exposure
邓州,河南,中部,45,0.0000000000,7.6134315198,-4.0046339505,2.3544259491,low,low,low,低 GDI × 低 Exposure
邢台,河北,东部,453,0.0000000000,8.2337914875,-2.6527360956,3.3027551477,low,middle,low,低 GDI × 低 Exposure
那曲,西藏,西部,6,0.0000000000,7.1615826316,-0.2794741076,2.1639556569,low,low,high,低 GDI × 低 Exposure
邯郸,河北,东部,713,0.0042075736,8.2057603813,-2.2775857376,3.4044658621,high,low,low,高 GDI × 低 Exposure
邵阳,湖南,中部,345,0.0028985507,8.1669957116,-1.1684221151,3.5114251169,middle,low,low,高 GDI × 低 Exposure
郑州,河南,中部,7449,0.0091287421,9.2765196123,0.3588692380,3.8832553919,high,high,high,高 GDI × 高 Exposure
郴州,湖南,中部,531,0.0000000000,8.1591744183,-1.0277464943,3.4832588122,low,low,low,低 GDI × 低 Exposure
鄂尔多斯,内蒙古,西部,290,0.0000000000,8.1973468769,-0.8893591704,3.6429943427,low,low,middle,低 GDI × 低 Exposure
鄂州,湖北,中部,790,0.0037974684,7.9078564931,-1.2547842270,3.7404484039,middle,low,low,高 GDI × 低 Exposure
酒泉,甘肃,西部,201,0.0000000000,8.5962161725,-2.2245256285,3.3285054286,low,middle,low,低 GDI × 高 Exposure
重庆,重庆,西部,22024,0.0108517980,8.9731486845,0.2888591729,3.9988189054,high,high,high,高 GDI × 高 Exposure
金华,浙江,东部,3097,0.0048433968,8.5701284392,-0.2512744225,3.8929747377,high,middle,high,高 GDI × 高 Exposure
金昌,甘肃,西部,52,0.0000000000,7.4484372407,-2.1186310431,2.8991300738,low,low,low,低 GDI × 低 Exposure
钦州,广西,西部,335,0.0029850746,8.5662064620,-1.2092541204,3.6157121382,middle,middle,low,高 GDI × 高 Exposure
铁岭,辽宁,东北,109,0.0091743119,7.9273657975,-0.5610738211,3.3385369144,high,low,middle,高 GDI × 低 Exposure
铁门关,新疆,西部,1,0.0000000000,10.0991282581,-1.1033360187,,low,high,low,低 GDI × 高 Exposure
铜仁,贵州,西部,186,0.0000000000,7.5569770924,-2.0160583238,3.2640404656,low,low,low,低 GDI × 低 Exposure
铜川,陕西,西部,128,0.0000000000,7.8453163155,-2.7150288323,3.0612687221,low,low,low,低 GDI × 低 Exposure
铜陵,安徽,中部,408,0.0049019608,8.3083275478,-0.9261948762,3.8106203747,high,middle,middle,高 GDI × 低 Exposure
银川,宁夏,西部,1003,0.0039880359,8.5662545074,-0.9897518406,3.7769245810,middle,middle,middle,高 GDI × 高 Exposure
锡林郭勒盟,内蒙古,西部,43,0.0000000000,8.1541454788,-0.3330165054,2.8785677243,low,low,high,低 GDI × 低 Exposure
锦州,辽宁,东北,176,0.0000000000,8.3567962104,-1.0865894439,3.0133868465,low,middle,low,低 GDI × 低 Exposure
镇江,江苏,东部,2842,0.0021111893,8.0896730234,-0.6958669220,3.8427297086,middle,low,middle,高 GDI × 低 Exposure
长春,吉林,东北,2653,0.0064078402,8.6456389055,-0.3609432334,3.8140245741,high,high,high,高 GDI × 高 Exposure
长沙,湖南,中部,13248,0.0094353865,9.0887938182,0.3615639042,3.9662020788,high,high,high,高 GDI × 高 Exposure
长治,山西,中部,299,0.0000000000,8.1552449075,-2.6262649897,3.0881284354,low,low,low,低 GDI × 低 Exposure
阜新,辽宁,东北,104,0.0000000000,7.6060318738,-1.0910761658,3.0057308149,low,low,low,低 GDI × 低 Exposure
阜阳,安徽,中部,592,0.0033783784,8.6163326335,-0.9987308526,3.6097824126,middle,high,middle,高 GDI × 高 Exposure
防城港,广西,西部,162,0.0000000000,8.9794361616,-0.9908201709,3.4124804677,low,high,middle,低 GDI × 高 Exposure
阳江,广东,东部,812,0.0000000000,8.5562719584,-0.4559151202,3.7336315585,low,middle,middle,低 GDI × 高 Exposure
阳泉,山西,中部,135,0.0000000000,7.7487022959,-3.2871545860,2.9461627260,low,low,low,低 GDI × 低 Exposure
阿克苏,新疆,西部,241,0.0000000000,7.8587073490,-1.3323028591,3.0998226729,low,low,low,低 GDI × 低 Exposure
阿勒泰,新疆,西部,15,0.0000000000,9.9802474462,0.1536534054,2.2603834427,low,high,high,低 GDI × 高 Exposure
阿坝,四川,西部,79,0.0000000000,8.5016537038,-1.0028248061,3.1951523753,low,middle,middle,低 GDI × 高 Exposure
阿拉善盟,内蒙古,西部,12,0.0000000000,7.5752311329,-1.0199438886,2.7516666169,low,low,low,低 GDI × 低 Exposure
阿拉尔,新疆,西部,6,0.0000000000,9.9570790685,-0.4383429611,1.2424533249,low,high,middle,低 GDI × 高 Exposure
阿里,西藏,西部,7,0.0000000000,7.3308550725,-1.2493189838,1.7328679514,low,low,low,低 GDI × 低 Exposure
陇南,甘肃,西部,98,0.0000000000,8.1933365677,-1.7669198502,3.1559813486,low,low,low,低 GDI × 低 Exposure
陕西省,陕西,未知,329,0.0030395137,9.1963121126,0.4124883877,3.5485633872,middle,high,high,高 GDI × 高 Exposure
陵水,海南,东部,53,0.0000000000,8.1988539631,-0.1094489696,3.0087862074,low,low,high,低 GDI × 低 Exposure
随州,湖北,中部,438,0.0000000000,8.5964367290,-0.1848670757,3.8354467633,low,middle,high,低 GDI × 高 Exposure
雄安新区,河北,东部,270,0.0000000000,8.5988510870,-1.3804681794,3.4834306184,low,middle,low,低 GDI × 高 Exposure
雅安,四川,西部,138,0.0000000000,8.7209290477,-0.2801370088,3.5922016667,low,high,high,低 GDI × 高 Exposure
青岛,山东,东部,6538,0.0094830223,8.8602495966,0.0184707662,3.9628605224,high,high,high,高 GDI × 高 Exposure
青海省,青海,未知,38,0.0000000000,8.9765967723,1.3216579114,2.3896841269,low,high,high,低 GDI × 高 Exposure
鞍山,辽宁,东北,403,0.0000000000,7.6411635143,-1.0262586858,3.3759692229,low,low,low,低 GDI × 低 Exposure
韶关,广东,东部,1001,0.0009990010,8.2091991009,-0.9437194978,3.7319237232,middle,middle,middle,高 GDI × 低 Exposure
马鞍山,安徽,中部,1343,0.0014892033,7.8909191282,-1.0231070766,3.7399251984,middle,low,low,高 GDI × 低 Exposure
驻马店,河南,中部,373,0.0000000000,7.9681032616,-2.9434808497,3.0809317737,low,low,low,低 GDI × 低 Exposure
鸡西,黑龙江,东北,35,0.0000000000,7.9694794396,-0.8414804296,2.4909549396,low,low,middle,低 GDI × 低 Exposure
鹤壁,河南,中部,336,0.0000000000,7.6929556782,-3.0586101619,3.4311879185,low,low,low,低 GDI × 低 Exposure
鹤岗,黑龙江,东北,32,0.0000000000,7.3998734079,-1.5809504706,2.4777720048,low,low,low,低 GDI × 低 Exposure
鹰潭,江西,中部,314,0.0000000000,8.0934109573,-1.7653824282,3.5645099112,low,low,low,低 GDI × 低 Exposure
黄冈,湖北,中部,879,0.0011376564,8.4874861944,-0.6221710415,3.8261165454,middle,middle,middle,高 GDI × 高 Exposure
黄南,青海,西部,2,0.0000000000,7.7170119958,-0.1992599847,1.0986122887,low,low,high,低 GDI × 低 Exposure
黄山,安徽,中部,312,0.0032051282,8.2402412058,-0.7210094096,3.7295126084,middle,middle,middle,高 GDI × 低 Exposure
黄石,湖北,中部,965,0.0051813472,8.0576042573,-0.9210026518,3.7690645370,high,low,middle,高 GDI × 低 Exposure
黑河,黑龙江,东北,34,0.0000000000,7.9849583604,-1.4430892380,2.8928987189,low,low,low,低 GDI × 低 Exposure
黑龙江省,黑龙江,未知,133,0.0075187970,8.8614995026,0.1707098554,2.6726977360,high,high,high,高 GDI × 高 Exposure
黔东南,贵州,西部,118,0.0000000000,8.5587012868,-1.5415027234,3.3132756761,low,middle,low,低 GDI × 高 Exposure
黔南,贵州,西部,184,0.0000000000,8.3446858676,-1.3879504285,3.5797120822,low,middle,low,低 GDI × 低 Exposure
黔西南,贵州,西部,101,0.0000000000,8.4756983446,-1.6595321116,3.2730005416,low,middle,low,低 GDI × 高 Exposure
齐齐哈尔,黑龙江,东北,155,0.0000000000,8.2770823990,-0.8413208459,2.9729475833,low,middle,middle,低 GDI × 低 Exposure
龙岩,福建,东部,281,0.0035587189,8.0911087422,-0.5243795580,3.6614866988,middle,low,middle,高 GDI × 低 Exposure
