city,province,city_job_count,small_sample_penalty_weight,small_sample_penalty_flag,GDI_c,GDI_rank_raw,GDI_rank_penalty,SRI_c,SRI_rank_raw,SRI_rank_penalty,entropy_c,entropy_rank_raw,entropy_rank_penalty,GDI_rank_change,SRI_rank_change,entropy_rank_change
七台河,黑龙江,21,0.14491376746189438,1,0.0,165.0,165.0,-0.578638425,141.0,60.0,2.4205609811,330.0,328.0,0.0,-81.0,-2.0
三亚,海南,781,0.8837420438114281,1,0.0051216389,68.0,58.0,-0.0124788979,37.0,41.0,3.7874910702,82.0,103.0,-10.0,4.0,21.0
三明,福建,160,0.4,1,0.0,165.0,165.0,-0.5094855548,123.0,108.0,3.2844152394,234.0,246.0,0.0,-15.0,12.0
三门峡,河南,150,0.3872983346207417,1,0.0,165.0,165.0,-4.2946535115,342.0,328.0,2.9206311697,306.0,265.0,0.0,-14.0,-41.0
上海,上海,136607,1.0,0,0.0162070758,6.0,2.0,0.5854972384,7.0,4.0,4.1161635582,1.0,1.0,-4.0,-3.0,0.0
上饶,江西,831,0.9115920140062659,1,0.0024067389,123.0,110.0,-1.2928746384,250.0,297.0,3.8137092544,69.0,100.0,-13.0,47.0,31.0
东莞,广东,45687,1.0,0,0.0049685906,70.0,53.0,-0.2960440099,79.0,142.0,3.9303495089,28.0,28.0,-17.0,63.0,0.0
东营,山东,250,0.5,1,0.004,84.0,120.0,-0.5529167343,136.0,127.0,3.5753470906,159.0,204.0,36.0,-9.0,45.0
中卫,宁夏,76,0.27568097504180444,1,0.0263157895,2.0,29.0,-0.4477951917,111.0,83.0,3.0412801973,287.0,301.0,27.0,-28.0,14.0
中山,广东,9839,1.0,0,0.0136192703,11.0,5.0,-0.0113946269,36.0,42.0,4.0102341339,11.0,11.0,-6.0,6.0,0.0
临夏,甘肃,51,0.22583179581272428,1,0.0,165.0,165.0,-0.1690915722,54.0,45.0,2.9235210921,305.0,310.0,0.0,-9.0,5.0
临汾,山西,305,0.552268050859363,1,0.0,165.0,165.0,-2.7554612572,321.0,322.0,2.9435962672,302.0,217.0,0.0,1.0,-85.0
临沂,山东,730,0.8544003745317531,1,0.001369863,153.0,153.0,-0.5996445649,145.0,196.0,3.5630175858,163.0,116.0,0.0,51.0,-47.0
临沧,云南,150,0.3872983346207417,1,0.0,165.0,165.0,0.1426848532,25.0,27.0,3.0274784349,293.0,256.0,0.0,2.0,-37.0
丹东,辽宁,111,0.3331666249791536,1,0.0,165.0,165.0,-0.3181768994,85.0,74.0,2.8846990676,311.0,290.0,0.0,-11.0,-21.0
丽水,浙江,672,0.8197560612767679,1,0.0014880952,150.0,152.0,-0.7944954608,182.0,229.0,3.7666770186,89.0,114.0,2.0,47.0,25.0
丽江,云南,154,0.3924283374069717,1,0.0,165.0,165.0,-0.3411764628,90.0,85.0,3.1990993132,253.0,249.0,0.0,-5.0,-4.0
义乌,浙江,882,0.9391485505499116,1,0.0068027211,46.0,38.0,-0.7137054349,167.0,233.0,3.7987650231,77.0,95.0,-8.0,66.0,18.0
乌兰察布,内蒙古,199,0.44609416046390926,1,0.0,165.0,165.0,-2.0695116099,304.0,270.0,3.2263791435,249.0,233.0,0.0,-34.0,-16.0
乌海,内蒙古,56,0.23664319132398465,1,0.0,165.0,165.0,-0.2686231405,75.0,52.0,2.9712875713,299.0,305.0,0.0,-23.0,6.0
乌鲁木齐,新疆,1696,1.0,0,0.0035377358,92.0,72.0,0.4523813191,10.0,6.0,3.5998931201,148.0,92.0,-20.0,-4.0,-56.0
乐山,四川,452,0.6723094525588644,1,0.0066371681,48.0,59.0,-0.7688217186,179.0,201.0,3.6634031585,125.0,140.0,11.0,22.0,15.0
九江,江西,1405,1.0,0,0.0142348754,8.0,3.0,-0.4837009742,116.0,191.0,3.8791665985,44.0,42.0,-5.0,75.0,-2.0
云浮,广东,367,0.6058052492344383,1,0.0,165.0,165.0,-0.1399796669,50.0,62.0,3.7329866594,104.0,156.0,0.0,12.0,52.0
亳州,安徽,319,0.5648008498577175,1,0.0,165.0,165.0,-1.4387394162,259.0,253.0,3.589131866,151.0,182.0,0.0,-6.0,31.0
仙桃,湖北,400,0.6324555320336759,1,0.0,165.0,165.0,-1.1604635486,242.0,244.0,3.6635646764,124.0,150.0,0.0,2.0,26.0
伊春,黑龙江,52,0.22803508501982758,1,0.0,165.0,165.0,-0.5677483017,139.0,84.0,2.6328164431,324.0,314.0,0.0,-55.0,-10.0
伊犁,新疆,103,0.3209361307176242,1,0.0,165.0,165.0,-0.1537646955,51.0,48.0,3.3244842169,224.0,274.0,0.0,-3.0,50.0
佛山,广东,22680,1.0,0,0.0071428571,42.0,30.0,-0.0475111692,40.0,47.0,4.0288134262,8.0,8.0,-12.0,7.0,0.0
佳木斯,黑龙江,107,0.32710854467592254,1,0.0093457944,30.0,85.0,-0.3388645627,88.0,78.0,2.8973802769,308.0,291.0,55.0,-10.0,-17.0
保定,河北,1280,1.0,0,0.00078125,163.0,163.0,-1.9346598234,298.0,337.0,3.5468640629,167.0,96.0,0.0,39.0,-71.0
保山,云南,193,0.4393176527297759,1,0.0,165.0,165.0,-0.6641080848,154.0,140.0,3.4997732361,178.0,221.0,0.0,-14.0,43.0
信阳,河南,401,0.6332456079595026,1,0.0,165.0,165.0,-3.0235363768,332.0,335.0,3.368546077,212.0,167.0,0.0,3.0,-45.0
儋州,海南,108,0.3286335345030997,1,0.0,165.0,165.0,-0.3148406887,83.0,73.0,3.3259069535,223.0,270.0,0.0,-10.0,47.0
克孜勒苏柯尔克孜,新疆,18,0.1341640786499874,1,0.0,165.0,165.0,-0.7444048136,174.0,71.0,2.0801158528,337.0,332.0,0.0,-103.0,-5.0
克拉玛依,新疆,46,0.21447610589527216,1,0.0,165.0,165.0,-0.4153460918,103.0,65.0,3.2620303945,241.0,307.0,0.0,-38.0,66.0
六安,安徽,806,0.8977750274985377,1,0.0074441687,41.0,36.0,-0.4875421808,117.0,182.0,3.7126772287,110.0,104.0,-5.0,65.0,-6.0
六盘水,贵州,227,0.47644516998286385,1,0.0,165.0,165.0,-1.6553985589,278.0,252.0,3.3378966581,218.0,219.0,0.0,-26.0,1.0
兰州,甘肃,1693,1.0,0,0.0005906675,164.0,164.0,-0.54645823,133.0,208.0,3.4916228008,179.0,98.0,0.0,75.0,-81.0
兴安盟,内蒙古,35,0.18708286933869708,1,0.0,165.0,165.0,-0.6056921021,147.0,80.0,3.1262545923,271.0,318.0,0.0,-67.0,47.0
内江,四川,404,0.6356099432828282,1,0.0024752475,120.0,138.0,-0.4016929729,102.0,119.0,3.6775044178,121.0,148.0,18.0,17.0,27.0
凉山,四川,230,0.47958315233127197,1,0.0086956522,38.0,61.0,-0.5020765642,121.0,117.0,3.4563535825,191.0,216.0,23.0,-4.0,25.0
包头,内蒙古,433,0.6580273550544841,1,0.0,165.0,165.0,-0.9760976988,211.0,223.0,3.1680156851,260.0,174.0,0.0,12.0,-86.0
北京,北京,27472,1.0,0,0.029011357,1.0,1.0,1.4431886966,1.0,1.0,4.0978192798,2.0,2.0,0.0,0.0,0.0
北海,广西,352,0.593295878967653,1,0.0,165.0,165.0,-1.4406602451,260.0,261.0,3.6308862229,134.0,162.0,0.0,1.0,28.0
十堰,湖北,611,0.7816648898345121,1,0.0032733224,100.0,96.0,-0.2077669868,65.0,92.0,3.7256178018,107.0,121.0,-4.0,27.0,14.0
南京,江苏,26215,1.0,0,0.0135418653,12.0,6.0,0.393955943,15.0,10.0,4.0344882911,7.0,7.0,-6.0,-5.0,0.0
南充,四川,492,0.7014271166700072,1,0.0,165.0,165.0,-0.4186302484,106.0,141.0,3.6467398253,130.0,136.0,0.0,35.0,6.0
南宁,广西,4527,1.0,0,0.0136956042,10.0,4.0,-0.3636107494,95.0,161.0,3.8509695922,50.0,48.0,-6.0,66.0,-2.0
南平,福建,198,0.4449719092257398,1,0.0,165.0,165.0,-1.9138002781,296.0,260.0,3.6256386047,136.0,218.0,0.0,-36.0,82.0
南昌,江西,5609,1.0,0,0.0062399715,50.0,39.0,0.0320895711,35.0,33.0,3.894699534,36.0,36.0,-11.0,-2.0,0.0
南通,江苏,12469,1.0,0,0.003769348,87.0,64.0,-0.7640553586,178.0,249.0,3.8982449126,34.0,34.0,-23.0,71.0,0.0
南阳,河南,907,0.9523654760647301,1,0.0044101433,76.0,60.0,-2.7157715544,319.0,343.0,3.1051534048,276.0,119.0,-16.0,24.0,-157.0
博尔塔拉,新疆,12,0.10954451150103323,1,0.0,165.0,165.0,-1.000347361,217.0,76.0,2.4471513083,329.0,335.0,0.0,-141.0,6.0
厦门,福建,4717,1.0,0,0.0127199491,16.0,9.0,0.3822810287,16.0,11.0,4.0167715759,10.0,10.0,-7.0,-5.0,0.0
双鸭山,黑龙江,31,0.17606816861659008,1,0.0,165.0,165.0,-0.5356922379,129.0,68.0,2.6472082086,323.0,323.0,0.0,-61.0,0.0
台州,浙江,3278,1.0,0,0.0015253203,147.0,140.0,-0.415859322,104.0,177.0,3.8618271006,49.0,47.0,-7.0,73.0,-2.0
合肥,安徽,16438,1.0,0,0.0104027254,22.0,16.0,0.1021371225,29.0,24.0,3.9759017057,18.0,18.0,-6.0,-5.0,0.0
吉安,江西,1460,1.0,0,0.0061643836,51.0,40.0,-0.3958111832,99.0,173.0,3.8369561851,59.0,55.0,-11.0,74.0,-4.0
吐鲁番,新疆,29,0.17029386365926402,1,0.0,165.0,165.0,-0.9294926084,207.0,91.0,2.7729734675,317.0,321.0,0.0,-116.0,4.0
吕梁,山西,196,0.4427188724235731,1,0.0,165.0,165.0,-3.2504606245,336.0,314.0,2.9278925679,303.0,247.0,0.0,-22.0,-56.0
吴忠,宁夏,106,0.3255764119219941,1,0.0094339623,27.0,84.0,-1.1982136036,246.0,169.0,3.0605333786,286.0,284.0,57.0,-77.0,-2.0
周口,河南,514,0.7169379331573968,1,0.0,165.0,165.0,-3.1896476585,335.0,342.0,3.2935847816,231.0,146.0,0.0,7.0,-85.0
呼伦贝尔,内蒙古,79,0.2810693864511039,1,0.0,165.0,165.0,-0.2351913441,69.0,55.0,3.1809349974,256.0,297.0,0.0,-14.0,41.0
呼和浩特,内蒙古,1223,1.0,0,0.0024529845,121.0,100.0,-0.3194452104,86.0,147.0,3.6262228697,135.0,90.0,-21.0,61.0,-45.0
和田,新疆,27,0.16431676725154984,1,0.0,165.0,165.0,0.7050156211,4.0,22.0,2.788292538,315.0,325.0,0.0,18.0,10.0
咸宁,湖北,902,0.9497368056467013,1,0.0011086475,160.0,160.0,-0.7482884953,175.0,239.0,3.8273187297,63.0,89.0,0.0,64.0,26.0
咸阳,陕西,1162,1.0,0,0.0008605852,162.0,162.0,-1.8252494976,289.0,334.0,3.6922996079,112.0,83.0,0.0,45.0,-29.0
哈密,新疆,94,0.3065941943351178,1,0.0,165.0,165.0,-0.5017230942,120.0,89.0,3.4369927133,194.0,275.0,0.0,-31.0,81.0
哈尔滨,黑龙江,2075,1.0,0,0.0086746988,39.0,26.0,-0.0928819142,46.0,66.0,3.8074551149,74.0,64.0,-13.0,20.0,-10.0
唐山,河北,697,0.8348652585896721,1,0.0043041607,77.0,69.0,-1.6933299844,281.0,311.0,3.4587161308,189.0,122.0,-8.0,30.0,-67.0
商丘,河南,378,0.6148170459575759,1,0.0,165.0,165.0,-3.1775386823,334.0,338.0,3.0772601463,282.0,195.0,0.0,4.0,-87.0
商洛,陕西,122,0.3492849839314596,1,0.0,165.0,165.0,-2.1975466515,308.0,250.0,3.150624153,264.0,267.0,0.0,-58.0,3.0
喀什地区,新疆,121,0.3478505426185217,1,0.0,165.0,165.0,0.4157649083,11.0,18.0,3.158922778,261.0,268.0,0.0,7.0,7.0
嘉兴,浙江,11604,1.0,0,0.0053429852,62.0,48.0,-0.5165815654,127.0,200.0,3.9503684766,23.0,23.0,-14.0,73.0,0.0
嘉峪关,甘肃,61,0.2469817807045694,1,0.0,165.0,165.0,-2.0458319278,302.0,194.0,2.6051198796,325.0,312.0,0.0,-108.0,-13.0
四平,吉林,102,0.31937438845342625,1,0.0,165.0,165.0,-0.3685596259,96.0,81.0,3.2975562775,230.0,276.0,0.0,-15.0,46.0
固原,宁夏,65,0.25495097567963926,1,0.0,165.0,165.0,-1.5127804571,265.0,167.0,2.7556823171,318.0,306.0,0.0,-98.0,-12.0
塔城,新疆,37,0.19235384061671346,1,0.0,165.0,165.0,-0.3418347625,91.0,54.0,3.1007011919,277.0,316.0,0.0,-37.0,39.0
大兴安岭,黑龙江,17,0.130384048104053,1,0.0,165.0,165.0,-0.0681389605,42.0,38.0,2.3021471895,333.0,330.0,0.0,-4.0,-3.0
大同,山西,448,0.6693280212272604,1,0.0022321429,128.0,141.0,-2.1632115098,307.0,315.0,3.1436439401,265.0,171.0,13.0,8.0,-94.0
大庆,黑龙江,172,0.4147288270665544,1,0.0,165.0,165.0,-0.7151190218,168.0,143.0,3.2873550467,233.0,243.0,0.0,-25.0,10.0
大理,云南,562,0.7496665925596525,1,0.0017793594,138.0,147.0,-0.4306792175,108.0,148.0,3.5791855932,157.0,131.0,9.0,40.0,-26.0
大连,辽宁,6238,1.0,0,0.0081756973,40.0,28.0,-0.7279474262,171.0,241.0,3.9931356401,14.0,14.0,-12.0,70.0,0.0
天水,甘肃,219,0.4679743582719036,1,0.0,165.0,165.0,-2.38870977,314.0,293.0,2.9255122571,304.0,242.0,0.0,-21.0,-62.0
天津,天津,7051,1.0,0,0.0102113175,23.0,17.0,0.1145534576,28.0,23.0,3.984058291,16.0,16.0,-6.0,-5.0,0.0
天门,湖北,278,0.5272570530585627,1,0.0,165.0,165.0,-0.7260470162,170.0,165.0,3.5436009,168.0,198.0,0.0,-5.0,30.0
太原,山西,2317,1.0,0,0.0034527406,94.0,76.0,-0.3459036343,93.0,155.0,3.6834294631,119.0,85.0,-18.0,62.0,-34.0
威海,山东,494,0.7028513356322231,1,0.0101214575,24.0,31.0,-0.4882351639,118.0,154.0,3.8403240061,56.0,129.0,7.0,36.0,73.0
娄底,湖南,351,0.5924525297439449,1,0.0,165.0,165.0,-1.073424724,235.0,221.0,3.5655954104,161.0,170.0,0.0,-14.0,9.0
孝感,湖北,1591,1.0,0,0.0050282841,69.0,52.0,-1.0674269374,233.0,290.0,3.8450170528,52.0,49.0,-17.0,57.0,-3.0
宁德,福建,756,0.8694826047713663,1,0.0026455026,116.0,106.0,-0.5541498708,137.0,190.0,3.7619684631,92.0,106.0,-10.0,53.0,14.0
宁波,浙江,31120,1.0,0,0.0054305913,61.0,47.0,-0.0678812311,41.0,56.0,3.9464120276,25.0,25.0,-14.0,15.0,0.0
安庆,安徽,788,0.8876936408468858,1,0.0012690355,154.0,155.0,-1.0506029029,229.0,274.0,3.6056740359,147.0,109.0,1.0,45.0,-38.0
安康,陕西,212,0.4604345773288535,1,0.0,165.0,165.0,-2.2171222098,310.0,286.0,3.1818518319,255.0,229.0,0.0,-24.0,-26.0
安阳,河南,384,0.6196773353931867,1,0.0,165.0,165.0,-3.3840334378,338.0,339.0,3.2548498028,246.0,183.0,0.0,1.0,-63.0
安顺,贵州,172,0.4147288270665544,1,0.0,165.0,165.0,-1.9867180914,299.0,255.0,3.40164056,207.0,237.0,0.0,-44.0,30.0
定西,甘肃,103,0.3209361307176242,1,0.0097087379,25.0,83.0,-1.1014966124,239.0,158.0,3.0740915812,283.0,287.0,58.0,-81.0,4.0
宜宾,四川,1280,1.0,0,0.0,165.0,165.0,-0.3250894969,87.0,150.0,3.8845239709,43.0,41.0,0.0,63.0,-2.0
宜昌,湖北,1553,1.0,0,0.003219575,101.0,80.0,-0.54586655,132.0,207.0,3.7981094813,78.0,66.0,-21.0,75.0,-12.0
宜春,江西,927,0.9628083921528727,1,0.0021574973,132.0,113.0,-1.0531826875,231.0,285.0,3.7884062123,81.0,88.0,-19.0,54.0,7.0
宝鸡,陕西,563,0.7503332592921628,1,0.0,165.0,165.0,-1.8724179883,293.0,310.0,3.4339215674,197.0,135.0,0.0,17.0,-62.0
宣城,安徽,899,0.9481561052906847,1,0.0033370412,97.0,81.0,-0.7990825917,183.0,248.0,3.771649431,86.0,94.0,-16.0,65.0,8.0
宿州,安徽,580,0.7615773105863908,1,0.0,165.0,165.0,-1.4921172504,263.0,295.0,3.5497940828,166.0,128.0,0.0,32.0,-38.0
宿迁,江苏,983,0.991463564635635,1,0.002034588,136.0,117.0,-0.8464040956,192.0,258.0,3.7916765416,79.0,76.0,-19.0,66.0,-3.0
山南,西藏,13,0.11401754250991379,1,0.0,165.0,165.0,-0.0796068115,45.0,40.0,2.5325911608,326.0,331.0,0.0,-5.0,5.0
岳阳,湖南,827,0.9093954035511725,1,0.0012091898,156.0,157.0,-1.646926529,276.0,319.0,3.6895648056,115.0,102.0,1.0,43.0,-13.0
崇左,广西,236,0.48579831205964474,1,0.0042372881,78.0,115.0,-1.3716233101,254.0,232.0,3.6921386977,113.0,203.0,37.0,-22.0,90.0
巴中,四川,111,0.3331666249791536,1,0.0,165.0,165.0,-0.117542904,49.0,46.0,3.4514582681,192.0,262.0,0.0,-3.0,70.0
巴彦淖尔,内蒙古,98,0.31304951684997057,1,0.0,165.0,165.0,-0.3004808649,80.0,67.0,3.1798639409,258.0,285.0,0.0,-13.0,27.0
巴音郭楞,新疆,74,0.2720294101747089,1,0.0135135135,13.0,67.0,-0.0196457354,39.0,36.0,3.3857988037,209.0,294.0,54.0,-3.0,85.0
常州,江苏,19794,1.0,0,0.0047994342,73.0,55.0,-0.5154473622,125.0,198.0,3.9391115585,26.0,26.0,-18.0,73.0,0.0
常德,湖南,586,0.7655063683601855,1,0.0017064846,143.0,149.0,-1.1927376828,244.0,268.0,3.5231455654,170.0,130.0,6.0,24.0,-40.0
平凉,甘肃,83,0.28809720581775866,1,0.0,165.0,165.0,-1.425972688,257.0,175.0,2.9485932732,300.0,300.0,0.0,-82.0,0.0
平顶山,河南,364,0.6033241251599343,1,0.0,165.0,165.0,-2.9349710969,329.0,330.0,3.3188912294,226.0,184.0,0.0,1.0,-42.0
广元,四川,145,0.3807886552931954,1,0.0,165.0,165.0,-0.6977928604,162.0,122.0,3.2843545732,235.0,250.0,0.0,-40.0,15.0
广安,四川,335,0.5787918451395113,1,0.0059701493,54.0,75.0,-0.4791540616,115.0,129.0,3.6834500712,118.0,168.0,21.0,14.0,50.0
广州,广东,83087,1.0,0,0.0127216051,15.0,8.0,0.4110771748,13.0,8.0,4.0761408502,3.0,3.0,-7.0,-5.0,0.0
庆阳,甘肃,132,0.363318042491699,1,0.0,165.0,165.0,-2.8123881174,324.0,287.0,2.8867004463,310.0,278.0,0.0,-37.0,-32.0
廊坊,河北,1105,1.0,0,0.0027149321,115.0,93.0,-1.0351741708,228.0,288.0,3.4861113821,181.0,99.0,-22.0,60.0,-82.0
延安,陕西,195,0.44158804331639234,1,0.0,165.0,165.0,-2.738336325,320.0,299.0,3.1230772113,274.0,240.0,0.0,-21.0,-34.0
延边,吉林,126,0.35496478698597694,1,0.0238095238,4.0,27.0,-0.6743142781,157.0,115.0,3.313235654,228.0,254.0,23.0,-42.0,26.0
开封,河南,539,0.7341661937191061,1,0.0,165.0,165.0,-2.9221421081,328.0,340.0,3.3480545478,216.0,141.0,0.0,12.0,-75.0
开平,广东,249,0.498998997994986,1,0.0040160643,83.0,119.0,-0.7628389389,177.0,164.0,3.6181724774,142.0,201.0,36.0,-13.0,59.0
张家口,河北,445,0.6670832032063166,1,0.0,165.0,165.0,-1.8878603367,294.0,304.0,3.2779196643,236.0,161.0,0.0,10.0,-75.0
张家界,湖南,105,0.324037034920393,1,0.0,165.0,165.0,-1.1850794216,243.0,166.0,3.2044473341,252.0,280.0,0.0,-77.0,28.0
张掖,甘肃,116,0.34058772731852804,1,0.0,165.0,165.0,-1.7990992502,287.0,219.0,3.0138100113,294.0,281.0,0.0,-68.0,-13.0
徐州,江苏,2757,1.0,0,0.0029017048,109.0,90.0,-0.2022955346,64.0,107.0,3.8752980615,46.0,44.0,-19.0,43.0,-2.0
德宏,云南,132,0.363318042491699,1,0.0,165.0,165.0,-0.4664887544,112.0,93.0,3.3593582267,214.0,253.0,0.0,-19.0,39.0
德州,山东,380,0.6164414002968976,1,0.0,165.0,165.0,-1.0326709551,227.0,222.0,3.4757465234,184.0,165.0,0.0,-5.0,-19.0
德阳,四川,922,0.9602083107326244,1,0.0021691974,131.0,112.0,-0.5492609038,135.0,205.0,3.8914309031,38.0,79.0,-19.0,70.0,41.0
忻州,山西,149,0.38600518131237566,1,0.0,165.0,165.0,-2.914504469,327.0,294.0,3.0276728118,292.0,258.0,0.0,-33.0,-34.0
怀化,湖南,320,0.565685424949238,1,0.0,165.0,165.0,-1.5674635415,272.0,263.0,3.3956172348,208.0,193.0,0.0,-9.0,-15.0
怒江,云南,44,0.20976176963403032,1,0.0,165.0,165.0,-1.5228771118,266.0,146.0,3.0400338223,288.0,313.0,0.0,-120.0,25.0
恩施,湖北,206,0.4538722287164087,1,0.0,165.0,165.0,0.2785770973,19.0,19.0,3.261302206,242.0,228.0,0.0,0.0,-14.0
惠州,广东,16074,1.0,0,0.0051636183,67.0,50.0,-0.2647963234,74.0,121.0,3.9076718233,32.0,32.0,-17.0,47.0,0.0
成都,四川,35728,1.0,0,0.0117554859,18.0,11.0,0.2726843724,20.0,14.0,4.0002226475,12.0,12.0,-7.0,-6.0,0.0
扬州,江苏,2905,1.0,0,0.004130809,80.0,62.0,-0.64509612,153.0,225.0,3.9057651228,33.0,33.0,-18.0,72.0,0.0
承德,河北,319,0.5648008498577175,1,0.0031347962,104.0,128.0,-1.9001262364,295.0,291.0,3.2314167981,248.0,200.0,24.0,-4.0,-48.0
抚州,江西,411,0.6410928169929843,1,0.0,165.0,165.0,-1.9341185368,297.0,301.0,3.5518060537,165.0,155.0,0.0,4.0,-10.0
抚顺,辽宁,141,0.37549966711037175,1,0.0141843972,9.0,49.0,-0.876570671,197.0,151.0,3.0663704689,284.0,261.0,40.0,-46.0,-23.0
拉萨,西藏,330,0.5744562646538028,1,0.0060606061,53.0,74.0,0.06003125,33.0,32.0,3.5394507465,169.0,179.0,21.0,-1.0,10.0
揭阳,广东,428,0.6542170893518451,1,0.0023364486,126.0,139.0,-0.0135910376,38.0,39.0,3.5035563832,177.0,153.0,13.0,1.0,-24.0
攀枝花,四川,282,0.5310367218940701,1,0.0,165.0,165.0,-0.1060063824,48.0,50.0,3.3240673576,225.0,207.0,0.0,2.0,-18.0
文山,云南,193,0.4393176527297759,1,0.0,165.0,165.0,-0.278261363,76.0,82.0,3.328657863,220.0,230.0,0.0,6.0,10.0
新乡,河南,825,0.9082951062292475,1,0.0012121212,155.0,156.0,-1.7601518455,285.0,325.0,3.5837519474,153.0,108.0,1.0,40.0,-45.0
新余,江西,347,0.5890670590009256,1,0.0028818444,111.0,134.0,-1.6881438268,280.0,281.0,3.636676702,132.0,166.0,23.0,1.0,34.0
无锡,江苏,24491,1.0,0,0.0068188314,45.0,34.0,-0.1970204844,63.0,103.0,3.9827949211,17.0,17.0,-11.0,40.0,0.0
日喀则,西藏,13,0.11401754250991379,1,0.0,165.0,165.0,0.1856681077,22.0,35.0,2.3947004059,332.0,334.0,0.0,13.0,2.0
日照,山东,240,0.4898979485566356,1,0.0,165.0,165.0,-0.5849389675,143.0,137.0,3.4692144457,186.0,214.0,0.0,-6.0,28.0
昆明,云南,14163,1.0,0,0.0054367013,60.0,46.0,0.1217025958,26.0,20.0,3.832234942,61.0,56.0,-14.0,-6.0,-5.0
昌吉,新疆,161,0.4012480529547776,1,0.0,165.0,165.0,-0.1832745042,59.0,58.0,3.5050458728,176.0,239.0,0.0,-1.0,63.0
昌都,西藏,9,0.09486832980505137,1,0.0,165.0,165.0,-0.264053046,73.0,44.0,2.1972245773,335.0,336.0,0.0,-29.0,1.0
昭通,云南,253,0.5029910535983717,1,0.0,165.0,165.0,-1.283299631,249.0,226.0,3.4455241609,193.0,210.0,0.0,-23.0,17.0
晋中,山西,225,0.4743416490252569,1,0.0,165.0,165.0,-2.6190040464,316.0,302.0,3.1800534872,257.0,225.0,0.0,-14.0,-32.0
晋城,山西,183,0.42778499272414877,1,0.0,165.0,165.0,-2.949525358,331.0,305.0,3.1293328069,270.0,244.0,0.0,-26.0,-26.0
普洱,云南,191,0.43703546766824314,1,0.0052356021,64.0,107.0,0.0936728572,30.0,30.0,3.4722848311,185.0,224.0,43.0,0.0,39.0
景德镇,江西,381,0.6172519744804386,1,0.0,165.0,165.0,-1.5378618438,269.0,276.0,3.6237410209,137.0,158.0,0.0,7.0,21.0
曲靖,云南,870,0.9327379053088815,1,0.0,165.0,165.0,-0.7806148899,180.0,242.0,3.7480162762,97.0,97.0,0.0,62.0,0.0
朔州,山西,131,0.3619392214170772,1,0.0,165.0,165.0,-3.9356284898,341.0,312.0,2.977684596,297.0,272.0,0.0,-29.0,-25.0
朝阳,辽宁,181,0.42544094772365293,1,0.0165745856,5.0,32.0,-0.6651723119,155.0,134.0,3.4127880441,203.0,231.0,27.0,-21.0,28.0
本溪,辽宁,130,0.36055512754639896,1,0.0,165.0,165.0,-0.4962917747,119.0,95.0,3.2331208498,247.0,259.0,0.0,-24.0,12.0
来宾,广西,129,0.35916569992135944,1,0.0,165.0,165.0,-1.295351104,251.0,185.0,3.4285847536,199.0,251.0,0.0,-66.0,52.0
杭州,浙江,31458,1.0,0,0.0133193464,14.0,7.0,0.5918837708,6.0,3.0,4.0650665214,5.0,5.0,-7.0,-3.0,0.0
松原,吉林,71,0.2664582518894845,1,0.0,165.0,165.0,-0.7112012345,166.0,100.0,3.213669972,251.0,299.0,0.0,-66.0,48.0
林芝,西藏,83,0.28809720581775866,1,0.0240963855,3.0,33.0,0.8727481827,3.0,15.0,3.2661450722,239.0,292.0,30.0,12.0,53.0
果洛,青海,2,0.044721359549995794,1,0.0,165.0,165.0,1.0193093938,2.0,28.0,1.0986122887,342.0,342.0,0.0,26.0,0.0
枣庄,山东,282,0.5310367218940701,1,0.0,165.0,165.0,-0.9924726719,216.0,204.0,3.6226794176,138.0,192.0,0.0,-12.0,54.0
柳州,广西,1390,1.0,0,0.0035971223,89.0,68.0,-0.3593427573,94.0,160.0,3.7988949507,76.0,65.0,-21.0,66.0,-11.0
株洲,湖南,1218,1.0,0,0.0,165.0,165.0,-0.9555584435,208.0,277.0,3.7655102176,91.0,73.0,0.0,69.0,-18.0
桂林,广西,1038,1.0,0,0.0105973025,21.0,15.0,0.6743906234,5.0,2.0,3.9862909346,15.0,15.0,-6.0,-3.0,0.0
梅州,广东,456,0.6752777206453653,1,0.0021929825,130.0,144.0,-0.3965184789,100.0,124.0,3.6808162718,120.0,139.0,14.0,24.0,19.0
梧州,广西,287,0.5357238094391549,1,0.0034843206,93.0,123.0,-1.064732174,232.0,214.0,3.5809642417,154.0,194.0,30.0,-18.0,40.0
楚雄,云南,340,0.5830951894845301,1,0.0058823529,56.0,77.0,-0.8181870874,187.0,188.0,3.5777714744,158.0,173.0,21.0,1.0,15.0
榆林,陕西,449,0.6700746227100381,1,0.004454343,75.0,88.0,-2.2237063135,311.0,318.0,3.4155615357,201.0,154.0,13.0,7.0,-47.0
武威,甘肃,114,0.33763886032268264,1,0.0087719298,36.0,89.0,-1.5687319998,273.0,206.0,3.1750717812,259.0,273.0,53.0,-67.0,14.0
武汉,湖北,52255,1.0,0,0.0093579562,29.0,20.0,0.0896286451,31.0,25.0,4.0192671082,9.0,9.0,-9.0,-6.0,0.0
毕节,贵州,302,0.5495452665613635,1,0.0033112583,98.0,125.0,-2.7793402984,322.0,323.0,3.3813168927,210.0,199.0,27.0,1.0,-11.0
永州,湖南,314,0.5603570290448759,1,0.0,165.0,165.0,-0.8658237402,194.0,192.0,3.6197903268,141.0,181.0,0.0,-2.0,40.0
汉中,陕西,216,0.46475800154489,1,0.0,165.0,165.0,-2.8151276594,325.0,306.0,3.0877097672,280.0,234.0,0.0,-19.0,-46.0
汕头,广东,1462,1.0,0,0.0020519836,135.0,116.0,-0.18177623,57.0,97.0,3.7609747888,94.0,74.0,-19.0,40.0,-20.0
汕尾,广东,607,0.7791020472312982,1,0.0016474465,145.0,150.0,-0.7233428801,169.0,212.0,3.8183114399,68.0,118.0,5.0,43.0,50.0
江门,广东,5036,1.0,0,0.0025814138,117.0,95.0,-0.5608992702,138.0,211.0,3.9086361139,31.0,31.0,-22.0,73.0,0.0
池州,安徽,295,0.5431390245600107,1,0.0033898305,95.0,124.0,-0.642092743,152.0,157.0,3.621850384,139.0,187.0,29.0,5.0,48.0
沈阳,辽宁,6256,1.0,0,0.0059143223,55.0,42.0,-0.1703921497,55.0,94.0,3.9169413055,29.0,29.0,-13.0,39.0,0.0
沧州,河北,663,0.8142481194328913,1,0.0015082956,148.0,151.0,-1.7955943066,286.0,316.0,3.5144599531,173.0,124.0,3.0,30.0,-49.0
河池,广西,113,0.3361547262794322,1,0.0,165.0,165.0,-0.8559960072,193.0,139.0,3.4351465322,196.0,260.0,0.0,-54.0,64.0
河源,广东,1234,1.0,0,0.0024311183,122.0,101.0,-0.4247860142,107.0,179.0,3.7387179859,101.0,78.0,-21.0,72.0,-23.0
泉州,福建,2133,1.0,0,0.0032817628,99.0,79.0,-0.0979727563,47.0,70.0,3.8253497138,65.0,58.0,-20.0,23.0,-7.0
泰安,山东,312,0.5585696017507576,1,0.0,165.0,165.0,-0.6953072945,161.0,168.0,3.4833929199,182.0,190.0,0.0,7.0,8.0
泰州,江苏,2832,1.0,0,0.0017655367,140.0,129.0,-0.9019369043,200.0,266.0,3.8635176799,48.0,46.0,-11.0,66.0,-2.0
泸州,四川,637,0.7981227975693966,1,0.0031397174,103.0,98.0,-0.1799579897,56.0,87.0,3.8015274572,75.0,117.0,-5.0,31.0,42.0
洛阳,河南,1077,1.0,0,0.0027855153,114.0,92.0,-1.8056444654,288.0,333.0,3.6213552956,140.0,91.0,-22.0,45.0,-49.0
济南,山东,5426,1.0,0,0.0093991891,28.0,19.0,0.173578862,23.0,17.0,3.8412936639,54.0,51.0,-9.0,-6.0,-3.0
济宁,山东,749,0.8654478609367522,1,0.0053404539,63.0,57.0,-1.0313177486,226.0,265.0,3.7615821285,93.0,107.0,-6.0,39.0,14.0
济源,河南,88,0.2966479394838265,1,0.0,165.0,165.0,-4.6647075303,343.0,308.0,2.6840225311,322.0,303.0,0.0,-35.0,-19.0
海东,青海,33,0.1816590212458495,1,0.0,165.0,165.0,-1.5437984708,270.0,132.0,2.4082687167,331.0,327.0,0.0,-138.0,-4.0
海北,青海,6,0.07745966692414834,1,0.0,165.0,165.0,0.5831530495,8.0,29.0,1.3862943611,341.0,341.0,0.0,21.0,0.0
海南州,青海,8,0.08944271909999159,1,0.0,165.0,165.0,-0.9864534975,215.0,63.0,2.0794415417,338.0,337.0,0.0,-152.0,-1.0
海口,海南,2046,1.0,0,0.0014662757,151.0,145.0,0.1216335642,27.0,21.0,3.8132647321,71.0,62.0,-6.0,-6.0,-9.0
海宁,浙江,931,0.9648834126463155,1,0.0021482277,133.0,114.0,-0.6817071094,160.0,230.0,3.8450286562,51.0,81.0,-19.0,70.0,30.0
海西,青海,76,0.27568097504180444,1,0.0,165.0,165.0,-0.7941220432,181.0,111.0,3.1368071409,267.0,298.0,0.0,-70.0,31.0
淄博,山东,528,0.726636084983398,1,0.0151515152,7.0,12.0,-0.5112979243,124.0,162.0,3.6499298824,129.0,133.0,5.0,38.0,4.0
淮北,安徽,260,0.5099019513592785,1,0.0,165.0,165.0,-1.5279183424,268.0,251.0,3.6992495417,111.0,196.0,0.0,-17.0,85.0
淮南,安徽,391,0.6252999280345393,1,0.0,165.0,165.0,-0.6788520415,159.0,178.0,3.7173645658,109.0,149.0,0.0,19.0,40.0
淮安,江苏,1739,1.0,0,0.0017251294,142.0,132.0,-0.7320745588,172.0,243.0,3.8221909073,67.0,60.0,-10.0,71.0,-7.0
深圳,广东,98489,1.0,0,0.0124683975,17.0,10.0,0.4120143846,12.0,7.0,4.0677072111,4.0,4.0,-7.0,-5.0,0.0
清远,广东,3012,1.0,0,0.0019920319,137.0,121.0,-0.8298437768,190.0,256.0,3.8234695628,66.0,59.0,-16.0,66.0,-7.0
温州,浙江,4254,1.0,0,0.0023507287,125.0,105.0,-0.2108861605,66.0,110.0,3.8876303679,41.0,39.0,-20.0,44.0,-2.0
渭南,陕西,325,0.570087712549569,1,0.0,165.0,165.0,-2.0656220334,303.0,296.0,3.4236246813,200.0,189.0,0.0,-7.0,-11.0
湖州,浙江,3982,1.0,0,0.005775992,58.0,45.0,-0.5159969425,126.0,199.0,3.9120686555,30.0,30.0,-13.0,73.0,0.0
湘潭,湖南,1092,1.0,0,0.0,165.0,165.0,-0.904751434,201.0,267.0,3.7601875956,95.0,75.0,0.0,66.0,-20.0
湘西,湖南,117,0.3420526275297414,1,0.0,165.0,165.0,-0.5394655745,130.0,98.0,3.4366004357,195.0,255.0,0.0,-32.0,60.0
湛江,广东,1691,1.0,0,0.0017740982,139.0,127.0,-0.3072093663,81.0,145.0,3.6850820986,117.0,84.0,-12.0,64.0,-33.0
滁州,安徽,1978,1.0,0,0.0025278059,118.0,97.0,-0.9228543008,204.0,269.0,3.8403352603,55.0,52.0,-21.0,65.0,-3.0
滨州,山东,247,0.4969909455915671,1,0.004048583,82.0,118.0,-0.5477345178,134.0,126.0,3.5942151049,149.0,205.0,36.0,-8.0,56.0
漯河,河南,286,0.5347896782848375,1,0.006993007,43.0,66.0,-2.8065238226,323.0,320.0,3.2909452043,232.0,208.0,23.0,-3.0,-24.0
漳州,福建,717,0.8467585252006619,1,0.0027894003,113.0,103.0,-0.2331445033,68.0,104.0,3.6610012061,127.0,113.0,-10.0,36.0,-14.0
潍坊,山东,1126,1.0,0,0.0035523979,91.0,71.0,-0.2795461346,77.0,131.0,3.7792107058,84.0,69.0,-20.0,54.0,-15.0
潜江,湖北,245,0.4949747468305833,1,0.0,165.0,165.0,-1.021936237,224.0,195.0,3.4863560443,180.0,212.0,0.0,-29.0,32.0
潮州,广东,413,0.6426507605223851,1,0.0,165.0,165.0,-0.4163702599,105.0,123.0,3.6515177428,128.0,147.0,0.0,18.0,19.0
濮阳,河南,227,0.47644516998286385,1,0.0,165.0,165.0,-3.3928505046,339.0,326.0,3.0384012714,290.0,232.0,0.0,-13.0,-58.0
烟台,山东,1330,1.0,0,0.0037593985,88.0,65.0,-0.2406591529,70.0,116.0,3.9315717117,27.0,27.0,-23.0,46.0,0.0
焦作,河南,386,0.6212889826803627,1,0.0,165.0,165.0,-3.5771433954,340.0,341.0,3.2702572759,238.0,180.0,0.0,1.0,-58.0
牡丹江,黑龙江,91,0.30166206257996714,1,0.0,165.0,165.0,-0.1950807728,62.0,51.0,3.1112536477,275.0,293.0,0.0,-11.0,18.0
玉林,广西,409,0.6395310782127792,1,0.0,165.0,165.0,-0.8031652029,185.0,197.0,3.6145000369,145.0,152.0,0.0,12.0,7.0
玉树,青海,8,0.08944271909999159,1,0.0,165.0,165.0,-0.6206357303,150.0,49.0,1.8891591638,339.0,338.0,0.0,-101.0,-1.0
玉溪,云南,432,0.6572670690061994,1,0.0,165.0,165.0,-1.0950129877,237.0,240.0,3.5199992754,171.0,151.0,0.0,3.0,-20.0
珠海,广东,10203,1.0,0,0.009310987,31.0,21.0,-0.1854696873,60.0,99.0,4.0648912861,6.0,6.0,-10.0,39.0,0.0
甘南,甘肃,43,0.2073644135332772,1,0.0,165.0,165.0,-0.6995885067,163.0,88.0,2.7880941051,316.0,319.0,0.0,-75.0,3.0
甘孜,四川,95,0.3082207001484488,1,0.0,165.0,165.0,-0.901067266,199.0,130.0,3.4134720853,202.0,277.0,0.0,-69.0,75.0
白城,吉林,53,0.23021728866442676,1,0.0,165.0,165.0,-0.8658604616,195.0,105.0,2.8325852839,314.0,311.0,0.0,-90.0,-3.0
白山,吉林,48,0.21908902300206645,1,0.0,165.0,165.0,-0.6367812278,151.0,86.0,3.2254906834,250.0,304.0,0.0,-65.0,54.0
白银,甘肃,92,0.30331501776206204,1,0.0,165.0,165.0,-1.8492170064,290.0,210.0,2.7278675889,321.0,302.0,0.0,-80.0,-19.0
百色,广西,177,0.4207136793592526,1,0.0056497175,59.0,102.0,-0.4782521687,114.0,106.0,3.3597238405,213.0,236.0,43.0,-8.0,23.0
益阳,湖南,438,0.6618156843109719,1,0.0,165.0,165.0,-2.0973273105,305.0,309.0,3.5806315088,155.0,145.0,0.0,4.0,-10.0
盐城,江苏,2641,1.0,0,0.0022718667,127.0,109.0,-0.6652308401,156.0,231.0,3.8678010739,47.0,45.0,-18.0,75.0,-2.0
盘锦,辽宁,124,0.35213633723318016,1,0.0,165.0,165.0,-0.5973392411,144.0,109.0,3.2581542996,244.0,263.0,0.0,-35.0,19.0
眉山,四川,888,0.9423375191511797,1,0.0011261261,159.0,159.0,-1.0051288427,220.0,275.0,3.891129933,39.0,86.0,0.0,55.0,47.0
石嘴山,宁夏,84,0.28982753492378877,1,0.0,165.0,165.0,-1.4730703905,262.0,180.0,3.1259579556,273.0,295.0,0.0,-82.0,22.0
石家庄,河北,3108,1.0,0,0.0038610039,85.0,63.0,-0.0775683993,44.0,59.0,3.6635805091,123.0,87.0,-22.0,15.0,-36.0
神农架,湖北,24,0.15491933384829668,1,0.0,165.0,165.0,-1.5710448323,275.0,118.0,3.0288503481,291.0,322.0,0.0,-157.0,31.0
福州,福建,4253,1.0,0,0.0091699976,34.0,23.0,0.2222370909,21.0,16.0,3.8961547737,35.0,35.0,-11.0,-5.0,0.0
秦皇岛,河北,453,0.6730527468185536,1,0.0022075055,129.0,143.0,-1.8499981525,291.0,303.0,3.3275433798,222.0,157.0,14.0,12.0,-65.0
红河州,云南,496,0.7042726744663603,1,0.0,165.0,165.0,-0.1582548896,52.0,79.0,3.4675283487,187.0,142.0,0.0,27.0,-45.0
绍兴,浙江,3332,1.0,0,0.0030012005,107.0,87.0,-0.4383648106,110.0,183.0,3.958452979,21.0,21.0,-20.0,73.0,0.0
绥化,黑龙江,136,0.3687817782917155,1,0.0,165.0,165.0,-1.09762516,238.0,174.0,2.7493287255,320.0,282.0,0.0,-64.0,-38.0
绵阳,四川,1464,1.0,0,0.006147541,52.0,41.0,0.0792423558,32.0,26.0,3.8852476157,42.0,40.0,-11.0,-6.0,-2.0
聊城,山东,332,0.5761944116355173,1,0.0030120482,106.0,130.0,-0.3988644509,101.0,113.0,3.7252345303,108.0,163.0,24.0,12.0,55.0
肇庆,广东,2968,1.0,0,0.0023584906,124.0,104.0,-0.8161311028,186.0,254.0,3.7908005669,80.0,67.0,-20.0,68.0,-13.0
自贡,四川,326,0.5709640969448079,1,0.0,165.0,165.0,-0.7613873956,176.0,181.0,3.6146217954,144.0,176.0,0.0,5.0,32.0
舟山,浙江,568,0.7536577472566709,1,0.0017605634,141.0,148.0,-1.3387063825,253.0,284.0,3.7541717017,96.0,125.0,7.0,31.0,29.0
芜湖,安徽,5804,1.0,0,0.0065472088,49.0,37.0,-0.0688430901,43.0,57.0,3.8888485849,40.0,38.0,-12.0,14.0,-2.0
苏州,江苏,87734,1.0,0,0.0067020767,47.0,35.0,-0.287216406,78.0,138.0,3.9511209761,22.0,22.0,-12.0,60.0,0.0
茂名,广东,690,0.8306623862918074,1,0.0,165.0,165.0,-0.3425877578,92.0,135.0,3.6920291477,114.0,115.0,0.0,43.0,1.0
荆州,湖北,1397,1.0,0,0.0014316392,152.0,146.0,-1.0077639047,221.0,283.0,3.8374653046,58.0,54.0,-6.0,62.0,-4.0
荆门,湖北,2626,1.0,0,0.0011424219,157.0,154.0,-0.6187675182,149.0,220.0,3.8279055792,62.0,57.0,-3.0,71.0,-5.0
莆田,福建,417,0.6457553716385176,1,0.0,165.0,165.0,-0.8932843874,198.0,215.0,3.6696929932,122.0,144.0,0.0,17.0,22.0
菏泽,山东,401,0.6332456079595026,1,0.0024937656,119.0,136.0,-1.4622309135,261.0,272.0,3.5179224778,172.0,159.0,17.0,11.0,-13.0
萍乡,江西,531,0.7286974680894672,1,0.0,165.0,165.0,-1.6658533627,279.0,300.0,3.5729653766,160.0,134.0,0.0,21.0,-26.0
营口,辽宁,876,0.9359487165438072,1,0.0,165.0,165.0,-1.7045626409,282.0,324.0,3.3482501234,215.0,112.0,0.0,42.0,-103.0
葫芦岛,辽宁,173,0.4159326868617084,1,0.0,165.0,165.0,-0.7342651276,173.0,144.0,3.4020484526,206.0,235.0,0.0,-29.0,29.0
蚌埠,安徽,732,0.8555699854482975,1,0.0040983607,81.0,73.0,-0.9846062381,213.0,259.0,3.686716763,116.0,111.0,-8.0,46.0,-5.0
衡水,河北,332,0.5761944116355173,1,0.0,165.0,165.0,-2.8301448194,326.0,327.0,3.126102658,272.0,202.0,0.0,1.0,-70.0
衡阳,湖南,721,0.8491171886141512,1,0.0069348128,44.0,43.0,-0.8000410058,184.0,236.0,3.7407527831,98.0,110.0,-1.0,52.0,12.0
衢州,浙江,1082,1.0,0,0.0,165.0,165.0,-0.704415078,164.0,238.0,3.777429565,85.0,70.0,0.0,74.0,-15.0
襄阳,湖北,1904,1.0,0,0.0015756303,146.0,137.0,-0.5793585235,142.0,216.0,3.7711840299,87.0,71.0,-9.0,74.0,-16.0
西双版纳,云南,252,0.5019960159204453,1,0.0,165.0,165.0,-0.5687605079,140.0,136.0,3.4574058804,190.0,209.0,0.0,-4.0,19.0
西宁,青海,630,0.7937253933193772,1,0.0,165.0,165.0,-0.522321135,128.0,176.0,3.5570441798,164.0,126.0,0.0,48.0,-38.0
西安,陕西,13645,1.0,0,0.010773177,20.0,14.0,0.4559406007,9.0,5.0,3.9502356666,24.0,24.0,-6.0,-4.0,0.0
许昌,河南,660,0.812403840463596,1,0.003030303,105.0,99.0,-1.8697919404,292.0,321.0,3.6360037085,133.0,120.0,-6.0,29.0,-13.0
贵港,广西,236,0.48579831205964474,1,0.0,165.0,165.0,-1.5563690818,271.0,247.0,3.5103473068,175.0,213.0,0.0,-24.0,38.0
贵阳,贵州,2909,1.0,0,0.0089377793,35.0,24.0,-0.3406986707,89.0,153.0,3.8077102894,73.0,63.0,-11.0,64.0,-10.0
贺州,广西,135,0.3674234614174767,1,0.0,165.0,165.0,-0.9724732732,209.0,159.0,3.3334035745,219.0,252.0,0.0,-50.0,33.0
资阳,四川,192,0.4381780460041329,1,0.0052083333,65.0,108.0,-0.1915922675,61.0,61.0,3.5873114066,152.0,220.0,43.0,0.0,68.0
赣州,江西,1738,1.0,0,0.00287687,112.0,91.0,-0.833038862,191.0,257.0,3.8134415138,70.0,61.0,-21.0,66.0,-9.0
赤峰,内蒙古,323,0.5683308895353129,1,0.0,165.0,165.0,-1.1404980791,240.0,227.0,3.0386305132,289.0,211.0,0.0,-13.0,-78.0
辽源,吉林,54,0.232379000772445,1,0.0,165.0,165.0,-1.4173412245,256.0,152.0,2.8571097487,313.0,308.0,0.0,-104.0,-5.0
辽阳,辽宁,100,0.31622776601683794,1,0.0,165.0,165.0,-0.6102343626,148.0,102.0,3.1518612032,263.0,283.0,0.0,-46.0,20.0
达州,四川,262,0.5118593556827891,1,0.0,165.0,165.0,-0.3709728622,97.0,101.0,3.4602594734,188.0,206.0,0.0,4.0,18.0
运城,山西,398,0.6308724118235002,1,0.0,165.0,165.0,-2.3523305389,313.0,317.0,3.2573875019,245.0,178.0,0.0,4.0,-67.0
连云港,江苏,1187,1.0,0,0.00168492,144.0,135.0,-1.052941476,230.0,289.0,3.8377889616,57.0,53.0,-9.0,59.0,-4.0
迪庆,云南,35,0.18708286933869708,1,0.0,165.0,165.0,-0.4737730563,113.0,64.0,3.1305830477,269.0,317.0,0.0,-49.0,48.0
通化,吉林,98,0.31304951684997057,1,0.0,165.0,165.0,-1.4933270821,264.0,186.0,3.1374763971,266.0,288.0,0.0,-78.0,22.0
通辽,内蒙古,230,0.47958315233127197,1,0.0,165.0,165.0,-1.0253961738,225.0,193.0,3.1321900384,268.0,226.0,0.0,-32.0,-42.0
遂宁,四川,512,0.7155417527999327,1,0.0,165.0,165.0,-0.3133465092,82.0,112.0,3.7344155342,102.0,132.0,0.0,30.0,30.0
遵义,贵州,422,0.6496152707564686,1,0.0,165.0,165.0,-2.0191111761,301.0,307.0,3.2602603842,243.0,169.0,0.0,6.0,-74.0
邢台,河北,453,0.6730527468185536,1,0.0,165.0,165.0,-2.6447077178,317.0,331.0,3.3027551477,229.0,160.0,0.0,14.0,-69.0
那曲,西藏,6,0.07745966692414834,1,0.0,165.0,165.0,-0.2633929888,72.0,43.0,2.1639556569,336.0,339.0,0.0,-29.0,3.0
邯郸,河北,713,0.844393273303382,1,0.0042075736,79.0,70.0,-2.2689983403,312.0,336.0,3.4044658621,205.0,123.0,-9.0,24.0,-82.0
邵阳,湖南,345,0.5873670062235365,1,0.0028985507,110.0,133.0,-1.1535725158,241.0,235.0,3.5114251169,174.0,177.0,23.0,-6.0,3.0
郑州,河南,7795,1.0,0,0.0087235407,37.0,25.0,0.3971680746,14.0,9.0,3.8779633009,45.0,43.0,-12.0,-5.0,-2.0
郴州,湖南,531,0.7286974680894672,1,0.0,165.0,165.0,-1.0106258861,222.0,245.0,3.4832588122,183.0,138.0,0.0,23.0,-45.0
鄂尔多斯,内蒙古,290,0.5385164807134504,1,0.0,165.0,165.0,-0.8718084168,196.0,187.0,3.6429943427,131.0,188.0,0.0,-9.0,57.0
鄂州,湖北,790,0.8888194417315589,1,0.0037974684,86.0,78.0,-1.2379675323,248.0,292.0,3.7404484039,99.0,105.0,-8.0,44.0,6.0
酒泉,甘肃,201,0.4483302354291979,1,0.0,165.0,165.0,-2.21518368,309.0,280.0,3.3285054286,221.0,227.0,0.0,-29.0,6.0
重庆,重庆,22024,1.0,0,0.010851798,19.0,13.0,0.3060287917,18.0,13.0,3.9988189054,13.0,13.0,-6.0,-5.0,0.0
金华,浙江,3097,1.0,0,0.0048433968,72.0,54.0,-0.232163298,67.0,114.0,3.8929747377,37.0,37.0,-18.0,47.0,0.0
金昌,甘肃,52,0.22803508501982758,1,0.0,165.0,165.0,-2.1103023813,306.0,189.0,2.8991300738,307.0,309.0,0.0,-117.0,2.0
钦州,广西,335,0.5787918451395113,1,0.0029850746,108.0,131.0,-1.1944831477,245.0,237.0,3.6157121382,143.0,172.0,23.0,-8.0,29.0
铁岭,辽宁,109,0.3301514803843836,1,0.0091743119,33.0,86.0,-0.5428059487,131.0,96.0,3.3385369144,217.0,266.0,53.0,-35.0,49.0
铜仁,贵州,186,0.4312771730569565,1,0.0,165.0,165.0,-2.0041057305,300.0,262.0,3.2640404656,240.0,238.0,0.0,-38.0,-2.0
铜川,陕西,128,0.35777087639996635,1,0.0,165.0,165.0,-2.7073398019,318.0,278.0,3.0612687221,285.0,269.0,0.0,-40.0,-16.0
铜陵,安徽,408,0.6387487769068525,1,0.0049019608,71.0,82.0,-0.9105719062,203.0,217.0,3.8106203747,72.0,143.0,11.0,14.0,71.0
银川,宁夏,1049,1.0,0,0.0047664442,74.0,56.0,-0.9251934669,205.0,271.0,3.7656059308,90.0,72.0,-18.0,66.0,-18.0
锡林郭勒盟,内蒙古,43,0.2073644135332772,1,0.0,165.0,165.0,-0.3168301047,84.0,53.0,2.8785677243,312.0,315.0,0.0,-31.0,3.0
锦州,辽宁,176,0.41952353926806063,1,0.0,165.0,165.0,-1.072652475,234.0,184.0,3.0133868465,295.0,248.0,0.0,-50.0,-47.0
镇江,江苏,2842,1.0,0,0.0021111893,134.0,111.0,-0.6771323768,158.0,234.0,3.8427297086,53.0,50.0,-23.0,76.0,-3.0
长春,吉林,3102,1.0,0,0.0058027079,57.0,44.0,-0.373833414,98.0,163.0,3.7825405353,83.0,68.0,-13.0,65.0,-15.0
长沙,湖南,13590,1.0,0,0.0091979397,32.0,22.0,0.3819362384,17.0,12.0,3.9596905719,20.0,20.0,-10.0,-5.0,0.0
长治,山西,299,0.5468089245796927,1,0.0,165.0,165.0,-2.6179446773,315.0,313.0,3.0881284354,279.0,215.0,0.0,-2.0,-64.0
阜新,辽宁,104,0.322490309931942,1,0.0,165.0,165.0,-1.0770477256,236.0,156.0,3.0057308149,296.0,289.0,0.0,-80.0,-7.0
阜阳,安徽,592,0.7694153624668538,1,0.0033783784,96.0,94.0,-0.9822821124,212.0,246.0,3.6097824126,146.0,127.0,-2.0,34.0,-19.0
防城港,广西,162,0.40249223594996214,1,0.0,165.0,165.0,-0.9754659428,210.0,170.0,3.4124804677,204.0,241.0,0.0,-40.0,37.0
阳江,广东,812,0.9011104260855048,1,0.0,165.0,165.0,-0.4370370481,109.0,172.0,3.7336315585,103.0,101.0,0.0,63.0,-2.0
阳泉,山西,135,0.3674234614174767,1,0.0,165.0,165.0,-3.2830409199,337.0,298.0,2.946162726,301.0,271.0,0.0,-39.0,-30.0
阿克苏,新疆,241,0.4909175083453431,1,0.0,165.0,165.0,-1.3206272978,252.0,228.0,3.0998226729,278.0,223.0,0.0,-24.0,-55.0
阿勒泰,新疆,15,0.1224744871391589,1,0.0,165.0,165.0,0.1730429082,24.0,34.0,2.2603834427,334.0,333.0,0.0,10.0,-1.0
阿坝,四川,79,0.2810693864511039,1,0.0,165.0,165.0,-0.9856399871,214.0,128.0,3.1951523753,254.0,296.0,0.0,-86.0,42.0
阿拉善盟,内蒙古,12,0.10954451150103323,1,0.0,165.0,165.0,-1.0050520319,219.0,77.0,2.7516666169,319.0,329.0,0.0,-142.0,10.0
阿里,西藏,7,0.08366600265340755,1,0.0,165.0,165.0,-1.233413,247.0,72.0,1.7328679514,340.0,340.0,0.0,-175.0,0.0
陇南,甘肃,98,0.31304951684997057,1,0.0,165.0,165.0,-1.7553694887,284.0,209.0,3.1559813486,262.0,286.0,0.0,-75.0,24.0
随州,湖北,438,0.6618156843109719,1,0.0,165.0,165.0,-0.1640570815,53.0,75.0,3.8354467633,60.0,137.0,0.0,22.0,77.0
雅安,四川,138,0.3714835124201342,1,0.0,165.0,165.0,-0.2602977232,71.0,69.0,3.5922016667,150.0,245.0,0.0,-2.0,95.0
青岛,山东,6538,1.0,0,0.0094830223,26.0,18.0,0.0348414089,34.0,31.0,3.9628605224,19.0,19.0,-8.0,-3.0,0.0
鞍山,辽宁,403,0.6348228099241552,1,0.0,165.0,165.0,-1.0124430749,223.0,224.0,3.3759692229,211.0,164.0,0.0,1.0,-47.0
韶关,广东,1001,1.0,0,0.000999001,161.0,161.0,-0.926298576,206.0,273.0,3.7319237232,105.0,80.0,0.0,67.0,-25.0
马鞍山,安徽,1343,1.0,0,0.0014892033,149.0,142.0,-1.0049883426,218.0,282.0,3.7399251984,100.0,77.0,-7.0,64.0,-23.0
驻马店,河南,373,0.6107372593840988,1,0.0,165.0,165.0,-2.9356711272,330.0,332.0,3.0809317737,281.0,197.0,0.0,2.0,-84.0
鸡西,黑龙江,35,0.18708286933869708,1,0.0,165.0,165.0,-0.8282574856,189.0,90.0,2.4909549396,327.0,324.0,0.0,-99.0,-3.0
鹤壁,河南,336,0.5796550698475775,1,0.0,165.0,165.0,-3.0516168785,333.0,329.0,3.4311879185,198.0,186.0,0.0,-4.0,-12.0
鹤岗,黑龙江,32,0.17888543819998318,1,0.0,165.0,165.0,-1.5703010753,274.0,133.0,2.4777720048,328.0,326.0,0.0,-141.0,-2.0
鹰潭,江西,314,0.5603570290448759,1,0.0,165.0,165.0,-1.7525474783,283.0,279.0,3.5645099112,162.0,185.0,0.0,-4.0,23.0
黄冈,湖北,879,0.9375499986667378,1,0.0011376564,158.0,158.0,-0.6031922692,146.0,213.0,3.8261165454,64.0,93.0,0.0,67.0,29.0
黄南,青海,2,0.044721359549995794,1,0.0,165.0,165.0,-0.1825828843,58.0,37.0,1.0986122887,342.0,342.0,0.0,-21.0,0.0
黄山,安徽,312,0.5585696017507576,1,0.0032051282,102.0,126.0,-0.7048464072,165.0,171.0,3.7295126084,106.0,175.0,24.0,6.0,69.0
黄石,湖北,965,0.982344135219425,1,0.0051813472,66.0,51.0,-0.9050682341,202.0,264.0,3.769064537,88.0,82.0,-15.0,62.0,-6.0
黑河,黑龙江,34,0.18439088914585774,1,0.0,165.0,165.0,-1.4323165258,258.0,120.0,2.8928987189,309.0,320.0,0.0,-138.0,11.0
黔东南,贵州,118,0.34351128074635334,1,0.0,165.0,165.0,-1.526929765,267.0,203.0,3.3132756761,227.0,264.0,0.0,-64.0,37.0
黔南,贵州,184,0.4289522117905443,1,0.0,165.0,165.0,-1.3733295507,255.0,218.0,3.5797120822,156.0,222.0,0.0,-37.0,66.0
黔西南,贵州,101,0.3178049716414141,1,0.0,165.0,165.0,-1.6471460351,277.0,202.0,3.2730005416,237.0,279.0,0.0,-75.0,42.0
齐齐哈尔,黑龙江,155,0.39370039370059057,1,0.0,165.0,165.0,-0.8248736248,188.0,149.0,2.9729475833,298.0,257.0,0.0,-39.0,-41.0
龙岩,福建,281,0.5300943312279429,1,0.0035587189,90.0,122.0,-0.5070140678,122.0,125.0,3.6614866988,126.0,191.0,32.0,3.0,65.0
