city,province,region_std,city_job_count,small_sample_threshold,small_sample_penalty_weight,small_sample_penalty_flag,GDI_c,GDI_c_penalty_display,Exposure_c,Exposure_c_penalty_display,SRI_c,SRI_c_penalty_display,entropy_c,entropy_c_penalty_display,GDI_rank_raw,GDI_rank_penalty,Exposure_rank_raw,Exposure_rank_penalty,SRI_rank_raw,SRI_rank_penalty,entropy_rank_raw,entropy_rank_penalty
七台河,黑龙江,东北,21,1000,0.14491376746189438,1,0.0,0.0,7.9165082312,1.1472110329262897,-0.578638425,-0.0838526741649668,2.4205609811,0.35077261114246033,165.0,165.0,289.0,330.0,141.0,60.0,330.0,328.0
三亚,海南,东部,781,1000,0.8837420438114281,1,0.0051216389,0.004526207629150115,9.318588482,8.235228430520312,-0.0124788979,-0.01102812673466014,3.7874910702,3.347165099296081,68.0,58.0,11.0,72.0,37.0,41.0,82.0,103.0
三明,福建,东部,160,1000,0.4,1,0.0,0.0,8.8420019313,3.5368007725200004,-0.5094855548,-0.20379422192000002,3.2844152394,1.3137660957600001,165.0,165.0,65.0,240.0,123.0,108.0,234.0,246.0
三门峡,河南,中部,150,1000,0.3872983346207417,1,0.0,0.0,7.60712118,2.9462253642721716,-4.2946535115,-1.6633121527770705,2.9206311697,1.131155588066239,165.0,165.0,323.0,265.0,342.0,328.0,306.0,265.0
上海,上海,东部,136607,1000,1.0,0,0.0162070758,0.0162070758,9.2467545623,9.2467545623,0.5854972384,0.5854972384,4.1161635582,4.1161635582,6.0,2.0,16.0,6.0,7.0,4.0,1.0,1.0
上饶,江西,中部,831,1000,0.9115920140062659,1,0.0024067389,0.0021939639610382253,8.3927708368,7.6507828702115654,-1.2928746384,-1.1785741954766789,3.8137092544,3.4765469000528304,123.0,110.0,165.0,102.0,250.0,297.0,69.0,100.0
东莞,广东,东部,45687,1000,1.0,0,0.0049685906,0.0049685906,8.4625201237,8.4625201237,-0.2960440099,-0.2960440099,3.9303495089,3.9303495089,70.0,53.0,141.0,51.0,79.0,142.0,28.0,28.0
东营,山东,东部,250,1000,0.5,1,0.004,0.002,8.6145275597,4.30726377985,-0.5529167343,-0.27645836715,3.5753470906,1.7876735453,84.0,120.0,99.0,206.0,136.0,127.0,159.0,204.0
中卫,宁夏,西部,76,1000,0.27568097504180444,1,0.0263157895,0.0072547625083548796,9.1166818878,2.5132957519746624,-0.4477951917,-0.12344861506688773,3.0412801973,0.8384230901669953,2.0,29.0,27.0,290.0,111.0,83.0,287.0,301.0
中山,广东,东部,9839,1000,1.0,0,0.0136192703,0.0136192703,8.6326307512,8.6326307512,-0.0113946269,-0.0113946269,4.0102341339,4.0102341339,11.0,5.0,92.0,41.0,36.0,42.0,11.0,11.0
临夏,甘肃,西部,51,1000,0.22583179581272428,1,0.0,0.0,9.485688544,2.1421700784117057,-0.1690915722,-0.03818625340672293,2.9235210921,0.66022401832532,165.0,165.0,5.0,303.0,54.0,45.0,305.0,310.0
临汾,山西,中部,305,1000,0.552268050859363,1,0.0,0.0,8.0850007098,4.465087583197812,-2.7554612572,-1.5217532177323339,2.9435962672,1.6256541730034406,165.0,165.0,257.0,196.0,321.0,322.0,302.0,217.0
临沂,山东,东部,730,1000,0.8544003745317531,1,0.001369863,0.001170411460257191,8.5258376475,7.28447887922092,-0.5996445649,-0.51233654083649,3.5630175858,3.044243559770743,153.0,153.0,123.0,108.0,145.0,196.0,163.0,116.0
临沧,云南,西部,150,1000,0.3872983346207417,1,0.0,0.0,9.1381145359,3.5391765413276617,0.1426848532,0.05526160601996501,3.0274784349,1.1725373559369796,165.0,165.0,24.0,239.0,25.0,27.0,293.0,256.0
丹东,辽宁,东北,111,1000,0.3331666249791536,1,0.0,0.0,7.8472962644,2.614457211621668,-0.3181768994,-0.10600592371942968,2.8846990676,0.9610854524328033,165.0,165.0,303.0,286.0,85.0,74.0,311.0,290.0
丽水,浙江,东部,672,1000,0.8197560612767679,1,0.0014880952,0.0012198750599568642,8.4743123519,6.946868915622607,-0.7944954608,-0.6512924696476787,3.7666770186,3.087756316869255,150.0,152.0,139.0,119.0,182.0,229.0,89.0,114.0
丽江,云南,西部,154,1000,0.3924283374069717,1,0.0,0.0,8.7673177609,3.4405439324286005,-0.3411764628,-0.13388731205899554,3.1990993132,1.255417224678861,165.0,165.0,68.0,243.0,90.0,85.0,253.0,249.0
义乌,浙江,东部,882,1000,0.9391485505499116,1,0.0068027211,0.006388765660860301,8.748884354,8.2165020599879,-0.7137054349,-0.6702754247059294,3.7987650231,3.5676046653240667,46.0,38.0,73.0,74.0,167.0,233.0,77.0,95.0
乌兰察布,内蒙古,西部,199,1000,0.44609416046390926,1,0.0,0.0,7.5402659009,3.363668586736628,-2.0695116099,-0.9231970441886539,3.2263791435,1.4392688953578991,165.0,165.0,330.0,244.0,304.0,270.0,249.0,233.0
乌海,内蒙古,西部,56,1000,0.23664319132398465,1,0.0,0.0,7.7232185106,1.8276470756408556,-0.2686231405,-0.06356783723139112,2.9712875713,0.7031349732137235,165.0,165.0,317.0,313.0,75.0,52.0,299.0,305.0
乌鲁木齐,新疆,西部,1696,1000,1.0,0,0.0035377358,0.0035377358,9.1337139158,9.1337139158,0.4523813191,0.4523813191,3.5998931201,3.5998931201,92.0,72.0,25.0,11.0,10.0,6.0,148.0,92.0
乐山,四川,西部,452,1000,0.6723094525588644,1,0.0066371681,0.0044622308518521584,9.0295308703,6.07063895627476,-0.7688217186,-0.5168861087473313,3.6634031585,2.46294057199355,48.0,59.0,36.0,132.0,179.0,201.0,125.0,140.0
九江,江西,中部,1405,1000,1.0,0,0.0142348754,0.0142348754,8.7190564898,8.7190564898,-0.4837009742,-0.4837009742,3.8791665985,3.8791665985,8.0,3.0,79.0,36.0,116.0,191.0,44.0,42.0
云浮,广东,东部,367,1000,0.6058052492344383,1,0.0,0.0,8.4389804171,5.11237863486581,-0.1399796669,-0.08480041699410816,3.7329866594,2.26146291358665,165.0,165.0,153.0,164.0,50.0,62.0,104.0,156.0
亳州,安徽,中部,319,1000,0.5648008498577175,1,0.0,0.0,8.0124643532,4.525446676142027,-1.4387394162,-0.8126012449935563,3.589131866,2.0271447281682153,165.0,165.0,274.0,194.0,259.0,253.0,151.0,182.0
仙桃,湖北,中部,400,1000,0.6324555320336759,1,0.0,0.0,7.9438090802,5.024105998191836,-1.1604635486,-0.7339415910355004,3.6635646764,2.3170417465523436,165.0,165.0,285.0,167.0,242.0,244.0,124.0,150.0
伊春,黑龙江,东北,52,1000,0.22803508501982758,1,0.0,0.0,8.518790787,1.942583181379669,-0.5677483017,-0.12946653224802224,2.6328164431,0.6003745214439085,165.0,165.0,126.0,309.0,139.0,84.0,324.0,314.0
伊犁,新疆,西部,103,1000,0.3209361307176242,1,0.0,0.0,8.6455514075,2.77466981664336,-0.1537646955,-0.04934864641474368,3.3244842169,1.066947101203697,165.0,165.0,87.0,274.0,51.0,48.0,224.0,274.0
佛山,广东,东部,22680,1000,1.0,0,0.0071428571,0.0071428571,8.9450411921,8.9450411921,-0.0475111692,-0.0475111692,4.0288134262,4.0288134262,42.0,30.0,53.0,25.0,40.0,47.0,8.0,8.0
佳木斯,黑龙江,东北,107,1000,0.32710854467592254,1,0.0093457944,0.0030570892050243866,7.8359432885,2.5632040052642977,-0.3388645627,-0.1108454939470399,2.8973802769,0.9477578457494804,30.0,85.0,306.0,288.0,88.0,78.0,308.0,291.0
保定,河北,东部,1280,1000,1.0,0,0.00078125,0.00078125,8.3551376068,8.3551376068,-1.9346598234,-1.9346598234,3.5468640629,3.5468640629,163.0,163.0,174.0,58.0,298.0,337.0,167.0,96.0
保山,云南,西部,193,1000,0.4393176527297759,1,0.0,0.0,9.1149523386,4.004359466137534,-0.6641080848,-0.291754404973203,3.4997732361,1.5375121631699438,165.0,165.0,28.0,217.0,154.0,140.0,178.0,221.0
信阳,河南,中部,401,1000,0.6332456079595026,1,0.0,0.0,7.7995246421,4.939014723781736,-3.0235363768,-1.9146411311143878,3.368546077,2.1331170084694624,165.0,165.0,310.0,172.0,332.0,335.0,212.0,167.0
儋州,海南,东部,108,1000,0.3286335345030997,1,0.0,0.0,8.9643692578,2.945992353781742,-0.3148406887,-0.10346720833287111,3.3259069535,1.0930045575571414,165.0,165.0,50.0,266.0,83.0,73.0,223.0,270.0
克孜勒苏柯尔克孜,新疆,西部,18,1000,0.1341640786499874,1,0.0,0.0,6.1932568115,0.8309125939576562,-0.7444048136,-0.0998723859592596,2.0801158528,0.2790768268761448,165.0,165.0,342.0,333.0,174.0,71.0,337.0,332.0
克拉玛依,新疆,西部,46,1000,0.21447610589527216,1,0.0,0.0,9.095678796,1.9508057686402775,-0.4153460918,-0.08908181236808423,3.2620303945,0.6996275763243784,165.0,165.0,29.0,308.0,103.0,65.0,241.0,307.0
六安,安徽,中部,806,1000,0.8977750274985377,1,0.0074441687,0.006683188759346253,8.368205776,7.512766170661822,-0.4875421808,-0.43770319477441705,3.7126772287,3.333148901089337,41.0,36.0,169.0,104.0,117.0,182.0,110.0,104.0
六盘水,贵州,西部,227,1000,0.47644516998286385,1,0.0,0.0,8.0785267809,3.8489750653370187,-1.6553985589,-0.7887066477844984,3.3378966581,1.5903247406536878,165.0,165.0,261.0,227.0,278.0,252.0,218.0,219.0
兰州,甘肃,西部,1693,1000,1.0,0,0.0005906675,0.0005906675,8.7455850644,8.7455850644,-0.54645823,-0.54645823,3.4916228008,3.4916228008,164.0,164.0,74.0,33.0,133.0,208.0,179.0,98.0
兴安盟,内蒙古,西部,35,1000,0.18708286933869708,1,0.0,0.0,8.1359161847,1.5220905445328208,-0.6056921021,-0.11331461639665508,3.1262545923,0.5848686794107626,165.0,165.0,243.0,319.0,147.0,80.0,271.0,318.0
内江,四川,西部,404,1000,0.6356099432828282,1,0.0024752475,0.0015732919230859622,8.5185462365,5.414472690233914,-0.4016929729,-0.2553200477220796,3.6775044178,2.337458374420208,120.0,138.0,127.0,155.0,102.0,119.0,121.0,148.0
凉山,四川,西部,230,1000,0.47958315233127197,1,0.0086956522,0.0041702882936523605,8.6649887596,4.155582624244006,-0.5020765642,-0.24078746137069026,3.4563535825,1.657608946666835,38.0,61.0,84.0,211.0,121.0,117.0,191.0,216.0
包头,内蒙古,西部,433,1000,0.6580273550544841,1,0.0,0.0,8.3431129293,5.489996533788148,-0.9760976988,-0.6422989870161324,3.1680156851,2.084640982037472,165.0,165.0,184.0,153.0,211.0,223.0,260.0,174.0
北京,北京,东部,27472,1000,1.0,0,0.029011357,0.029011357,9.8365080735,9.8365080735,1.4431886966,1.4431886966,4.0978192798,4.0978192798,1.0,1.0,4.0,1.0,1.0,1.0,2.0,2.0
北海,广西,西部,352,1000,0.593295878967653,1,0.0,0.0,8.3137063649,4.932487725242317,-1.4406602451,-0.8547377864103589,3.6308862229,2.1541898330469973,165.0,165.0,191.0,173.0,260.0,261.0,134.0,162.0
十堰,湖北,中部,611,1000,0.7816648898345121,1,0.0032733224,0.0025586411931888407,8.6463614538,6.75855717325395,-0.2077669868,-0.16240415884827053,3.7256178018,2.912184628609494,100.0,96.0,86.0,123.0,65.0,92.0,107.0,121.0
南京,江苏,东部,26215,1000,1.0,0,0.0135418653,0.0135418653,9.0774439157,9.0774439157,0.393955943,0.393955943,4.0344882911,4.0344882911,12.0,6.0,34.0,15.0,15.0,10.0,7.0,7.0
南充,四川,西部,492,1000,0.7014271166700072,1,0.0,0.0,8.6073024301,6.03739532585179,-0.4186302484,-0.2936386080860609,3.6467398253,2.557922200905865,165.0,165.0,101.0,136.0,106.0,141.0,130.0,136.0
南宁,广西,西部,4527,1000,1.0,0,0.0136956042,0.0136956042,9.0238436867,9.0238436867,-0.3636107494,-0.3636107494,3.8509695922,3.8509695922,10.0,4.0,38.0,17.0,95.0,161.0,50.0,48.0
南平,福建,东部,198,1000,0.4449719092257398,1,0.0,0.0,8.7094534448,3.8754621276453523,-1.9138002781,-0.8515873636229089,3.6256386047,1.6133073320959064,165.0,165.0,80.0,223.0,296.0,260.0,136.0,218.0
南昌,江西,中部,5609,1000,1.0,0,0.0062399715,0.0062399715,8.7936137572,8.7936137572,0.0320895711,0.0320895711,3.894699534,3.894699534,50.0,39.0,66.0,30.0,35.0,33.0,36.0,36.0
南通,江苏,东部,12469,1000,1.0,0,0.003769348,0.003769348,7.8495784163,7.8495784163,-0.7640553586,-0.7640553586,3.8982449126,3.8982449126,87.0,64.0,302.0,96.0,178.0,249.0,34.0,34.0
南阳,河南,中部,907,1000,0.9523654760647301,1,0.0044101433,0.004200068223418179,8.1231477703,7.73620549340591,-2.7157715544,-2.586407069289208,3.1051534048,2.9572409006163696,76.0,60.0,246.0,100.0,319.0,343.0,276.0,119.0
博尔塔拉,新疆,西部,12,1000,0.10954451150103323,1,0.0,0.0,7.5412073158,0.826097871537329,-1.000347361,-0.10958256299209274,2.4471513083,0.26807199463683784,165.0,165.0,329.0,335.0,217.0,76.0,329.0,335.0
厦门,福建,东部,4717,1000,1.0,0,0.0127199491,0.0127199491,9.0505387537,9.0505387537,0.3822810287,0.3822810287,4.0167715759,4.0167715759,16.0,9.0,35.0,16.0,16.0,11.0,10.0,10.0
双鸭山,黑龙江,东北,31,1000,0.17606816861659008,1,0.0,0.0,8.0625270158,1.4195543660936873,-0.5356922379,-0.09431835126917569,2.6472082086,0.4660891012350062,165.0,165.0,265.0,325.0,129.0,68.0,323.0,323.0
台州,浙江,东部,3278,1000,1.0,0,0.0015253203,0.0015253203,8.0909154326,8.0909154326,-0.415859322,-0.415859322,3.8618271006,3.8618271006,147.0,140.0,254.0,82.0,104.0,177.0,49.0,47.0
合肥,安徽,中部,16438,1000,1.0,0,0.0104027254,0.0104027254,8.6566636531,8.6566636531,0.1021371225,0.1021371225,3.9759017057,3.9759017057,22.0,16.0,85.0,39.0,29.0,24.0,18.0,18.0
吉安,江西,中部,1460,1000,1.0,0,0.0061643836,0.0061643836,8.314128472,8.314128472,-0.3958111832,-0.3958111832,3.8369561851,3.8369561851,51.0,40.0,190.0,64.0,99.0,173.0,59.0,55.0
吐鲁番,新疆,西部,29,1000,0.17029386365926402,1,0.0,0.0,7.2942770975,1.2421706295345571,-0.9294926084,-0.1582868875271633,2.7729734675,0.4722203656052016,165.0,165.0,338.0,327.0,207.0,91.0,317.0,321.0
吕梁,山西,中部,196,1000,0.4427188724235731,1,0.0,0.0,7.5457423457,3.3406425428871116,-3.2504606245,-1.4390402625358634,2.9278925679,1.2962332962380478,165.0,165.0,328.0,246.0,336.0,314.0,303.0,247.0
吴忠,宁夏,西部,106,1000,0.3255764119219941,1,0.0094339623,0.0030714755958413625,8.4879421016,2.763473734040558,-1.1982136036,-0.39011008577621054,3.0605333786,0.996437475972086,27.0,84.0,131.0,275.0,246.0,169.0,286.0,284.0
周口,河南,中部,514,1000,0.7169379331573968,1,0.0,0.0,7.9641270599,5.709784793727602,-3.1896476585,-2.2867793997853205,3.2935847816,2.3612958659989602,165.0,165.0,282.0,143.0,335.0,342.0,231.0,146.0
呼伦贝尔,内蒙古,西部,79,1000,0.2810693864511039,1,0.0,0.0,7.8425962849,2.20431372598055,-0.2351913441,-0.06610508678479746,3.1809349974,0.8940634480600619,165.0,165.0,305.0,300.0,69.0,55.0,256.0,297.0
呼和浩特,内蒙古,西部,1223,1000,1.0,0,0.0024529845,0.0024529845,8.8878106074,8.8878106074,-0.3194452104,-0.3194452104,3.6262228697,3.6262228697,121.0,100.0,58.0,28.0,86.0,147.0,135.0,90.0
和田,新疆,西部,27,1000,0.16431676725154984,1,0.0,0.0,8.9316065403,1.4676127130648955,0.7050156211,0.11584588772099556,2.788292538,0.45816321599577914,165.0,165.0,55.0,322.0,4.0,22.0,315.0,325.0
咸宁,湖北,中部,902,1000,0.9497368056467013,1,0.0011086475,0.0010529233352382014,8.1733947661,7.762573836445281,-0.7482884953,-0.7106771252283987,3.8273187297,3.6349454645370685,160.0,160.0,233.0,99.0,175.0,239.0,63.0,89.0
咸阳,陕西,西部,1162,1000,1.0,0,0.0008605852,0.0008605852,8.1337908998,8.1337908998,-1.8252494976,-1.8252494976,3.6922996079,3.6922996079,162.0,162.0,245.0,80.0,289.0,334.0,112.0,83.0
哈密,新疆,西部,94,1000,0.3065941943351178,1,0.0,0.0,7.8830554081,2.416899021745513,-0.5017230942,-0.15382538784557143,3.4369927133,1.053762011869884,165.0,165.0,297.0,296.0,120.0,89.0,194.0,275.0
哈尔滨,黑龙江,东北,2075,1000,1.0,0,0.0086746988,0.0086746988,8.9850787183,8.9850787183,-0.0928819142,-0.0928819142,3.8074551149,3.8074551149,39.0,26.0,43.0,20.0,46.0,66.0,74.0,64.0
唐山,河北,东部,697,1000,0.8348652585896721,1,0.0043041607,0.003593394235817004,8.5472560169,7.13580710478135,-1.6933299844,-1.4137023753037514,3.4587161308,2.8875619369286123,77.0,69.0,118.0,113.0,281.0,311.0,189.0,122.0
商丘,河南,中部,378,1000,0.6148170459575759,1,0.0,0.0,7.9280435849,4.8742963370911285,-3.1775386823,-1.9536049460676141,3.0772601463,1.891951992791144,165.0,165.0,287.0,178.0,334.0,338.0,282.0,195.0
商洛,陕西,西部,122,1000,0.3492849839314596,1,0.0,0.0,7.9611695723,2.7807169861364307,-2.1975466515,-0.7675700468578105,3.150624153,1.1004657066546735,165.0,165.0,283.0,273.0,308.0,250.0,264.0,267.0
喀什地区,新疆,西部,121,1000,0.3478505426185217,1,0.0,0.0,9.3425292057,3.2498038536321316,0.4157649083,0.14462404895389494,3.158922778,1.098833002417308,165.0,165.0,9.0,251.0,11.0,18.0,261.0,268.0
嘉兴,浙江,东部,11604,1000,1.0,0,0.0053429852,0.0053429852,8.2941547055,8.2941547055,-0.5165815654,-0.5165815654,3.9503684766,3.9503684766,62.0,48.0,196.0,66.0,127.0,200.0,23.0,23.0
嘉峪关,甘肃,西部,61,1000,0.2469817807045694,1,0.0,0.0,8.2313044041,2.0329822192459823,-2.0458319278,-0.5052832125503061,2.6051198796,0.6434171468124814,165.0,165.0,214.0,305.0,302.0,194.0,325.0,312.0
四平,吉林,东北,102,1000,0.31937438845342625,1,0.0,0.0,8.968192012,2.864210839365402,-0.3685596259,-0.11770850513043607,3.2975562775,1.0531550195173192,165.0,165.0,48.0,269.0,96.0,81.0,230.0,276.0
固原,宁夏,西部,65,1000,0.25495097567963926,1,0.0,0.0,7.8628990748,2.0046537907907926,-1.5127804571,-0.3856848535267357,2.7556823171,0.702563895407774,165.0,165.0,299.0,306.0,265.0,167.0,318.0,306.0
塔城,新疆,西部,37,1000,0.19235384061671346,1,0.0,0.0,8.7493313647,1.6829674908283159,-0.3418347625,-0.0657532294231771,3.1007011919,0.596431782866786,165.0,165.0,72.0,317.0,91.0,54.0,277.0,316.0
大兴安岭,黑龙江,东北,17,1000,0.130384048104053,1,0.0,0.0,8.8757013018,1.157249865491097,-0.0681389605,-0.008884233503592166,2.3021471895,0.3001632698983784,165.0,165.0,60.0,329.0,42.0,38.0,333.0,330.0
大同,山西,中部,448,1000,0.6693280212272604,1,0.0022321429,0.0014940357903534787,8.455994533,5.659834088281422,-2.1632115098,-1.4478980793504685,3.1436439401,2.1041289778702015,128.0,141.0,142.0,147.0,307.0,315.0,265.0,171.0
大庆,黑龙江,东北,172,1000,0.4147288270665544,1,0.0,0.0,8.5410302564,3.542211460176724,-0.7151190218,-0.29658047312409574,3.2873550467,1.3633609026692093,165.0,165.0,120.0,238.0,168.0,143.0,233.0,243.0
大理,云南,西部,562,1000,0.7496665925596525,1,0.0017793594,0.0013339262983369877,8.998962959,6.746221898044058,-0.4306792175,-0.32286582146948245,3.5791855932,2.6831958677928425,138.0,147.0,40.0,124.0,108.0,148.0,157.0,131.0
大连,辽宁,东北,6238,1000,1.0,0,0.0081756973,0.0081756973,8.6361656335,8.6361656335,-0.7279474262,-0.7279474262,3.9931356401,3.9931356401,40.0,28.0,90.0,40.0,171.0,241.0,14.0,14.0
天水,甘肃,西部,219,1000,0.4679743582719036,1,0.0,0.0,8.2079038858,3.841088553714719,-2.38870977,-1.1178549217135765,2.9255122571,1.3690647211329607,165.0,165.0,221.0,228.0,314.0,293.0,304.0,242.0
天津,天津,东部,7051,1000,1.0,0,0.0102113175,0.0102113175,8.8994983228,8.8994983228,0.1145534576,0.1145534576,3.984058291,3.984058291,23.0,17.0,57.0,27.0,28.0,23.0,16.0,16.0
天门,湖北,中部,278,1000,0.5272570530585627,1,0.0,0.0,8.2736269179,4.362328146837953,-0.7260470162,-0.38281341014357456,3.5436009,1.8683885677496705,165.0,165.0,204.0,204.0,170.0,165.0,168.0,198.0
太原,山西,中部,2317,1000,1.0,0,0.0034527406,0.0034527406,8.7011991222,8.7011991222,-0.3459036343,-0.3459036343,3.6834294631,3.6834294631,94.0,76.0,81.0,37.0,93.0,155.0,119.0,85.0
威海,山东,东部,494,1000,0.7028513356322231,1,0.0101214575,0.007113879922419782,8.6326417255,6.067463766802134,-0.4882351639,-0.3431567370497324,3.8403240061,2.699176856947875,24.0,31.0,91.0,133.0,118.0,154.0,56.0,129.0
娄底,湖南,中部,351,1000,0.5924525297439449,1,0.0,0.0,8.4137018961,4.9847189728558705,-1.073424724,-0.635953193223496,3.5655954104,2.1124460209348794,165.0,165.0,159.0,169.0,235.0,221.0,161.0,170.0
孝感,湖北,中部,1591,1000,1.0,0,0.0050282841,0.0050282841,8.1229679026,8.1229679026,-1.0674269374,-1.0674269374,3.8450170528,3.8450170528,69.0,52.0,247.0,81.0,233.0,290.0,52.0,49.0
宁德,福建,东部,756,1000,0.8694826047713663,1,0.0026455026,0.0023002184915774217,8.2812040188,7.200362840909331,-0.5541498708,-0.4818236730969001,3.7619684631,3.2709661383639217,116.0,106.0,199.0,110.0,137.0,190.0,92.0,106.0
宁波,浙江,东部,31120,1000,1.0,0,0.0054305913,0.0054305913,8.5985258999,8.5985258999,-0.0678812311,-0.0678812311,3.9464120276,3.9464120276,61.0,47.0,103.0,45.0,41.0,56.0,25.0,25.0
安庆,安徽,中部,788,1000,0.8876936408468858,1,0.0012690355,0.001126514743358948,7.9367997222,7.04544664207227,-1.0506029029,-0.9326135159596082,3.6056740359,3.200733912635156,154.0,155.0,286.0,116.0,229.0,274.0,147.0,109.0
安康,陕西,西部,212,1000,0.4604345773288535,1,0.0,0.0,8.4092179924,3.871894731996884,-2.2171222098,-1.0208397275556766,3.1818518319,1.4650346033439148,165.0,165.0,160.0,224.0,310.0,286.0,255.0,229.0
安阳,河南,中部,384,1000,0.6196773353931867,1,0.0,0.0,7.9774821298,4.943464869341228,-3.3840334378,-2.097008823617349,3.2548498028,2.016956652904143,165.0,165.0,278.0,171.0,338.0,339.0,246.0,183.0
安顺,贵州,西部,172,1000,0.4147288270665544,1,0.0,0.0,7.7959087193,3.233188079073213,-1.9867180914,-0.8239492637582256,3.40164056,1.4107583995508173,165.0,165.0,312.0,253.0,299.0,255.0,207.0,237.0
定西,甘肃,西部,103,1000,0.3209361307176242,1,0.0097087379,0.0031158847757775526,8.5325955249,2.7384181927399216,-1.1014966124,-0.3535100607822267,3.0740915812,0.9865870575419513,25.0,83.0,121.0,277.0,239.0,158.0,283.0,287.0
宜宾,四川,西部,1280,1000,1.0,0,0.0,0.0,8.5503682166,8.5503682166,-0.3250894969,-0.3250894969,3.8845239709,3.8845239709,165.0,165.0,117.0,49.0,87.0,150.0,43.0,41.0
宜昌,湖北,中部,1553,1000,1.0,0,0.003219575,0.003219575,8.491967475,8.491967475,-0.54586655,-0.54586655,3.7981094813,3.7981094813,101.0,80.0,130.0,50.0,132.0,207.0,78.0,66.0
宜春,江西,中部,927,1000,0.9628083921528727,1,0.0021574973,0.0020772565064871643,8.1356363934,7.833058995069851,-1.0531826875,-1.0140131299951165,3.7884062123,3.6475092940865177,132.0,113.0,244.0,97.0,231.0,285.0,81.0,88.0
宝鸡,陕西,西部,563,1000,0.7503332592921628,1,0.0,0.0,8.0522121612,6.0418425954251855,-1.8724179883,-1.4049374919184137,3.4339215674,2.5765855618208944,165.0,165.0,268.0,135.0,293.0,310.0,197.0,135.0
宣城,安徽,中部,899,1000,0.9481561052906847,1,0.0033370412,0.0031640359873865527,7.8005456775,7.396135008720486,-0.7990825917,-0.7576550379518584,3.771649431,3.5761124350187874,97.0,81.0,309.0,106.0,183.0,248.0,86.0,94.0
宿州,安徽,中部,580,1000,0.7615773105863908,1,0.0,0.0,8.4399777292,6.42769554041317,-1.4921172504,-1.1363626426391922,3.5497940828,2.703442630714308,165.0,165.0,152.0,128.0,263.0,295.0,166.0,128.0
宿迁,江苏,东部,983,1000,0.991463564635635,1,0.002034588,0.0020172198710448875,8.0961636579,8.027051280135016,-0.8464040956,-0.8391788217457767,3.7916765416,3.7593091398800524,136.0,117.0,251.0,87.0,192.0,258.0,79.0,76.0
山南,西藏,西部,13,1000,0.11401754250991379,1,0.0,0.0,7.188674889,0.8196350447465073,-0.0796068115,-0.009076573014279945,2.5325911608,0.2887598203367459,165.0,165.0,340.0,336.0,45.0,40.0,326.0,331.0
岳阳,湖南,中部,827,1000,0.9093954035511725,1,0.0012091898,0.0010996316461409615,7.9118690874,7.195017381580171,-1.646926529,-1.4977074154590868,3.6895648056,3.3552732753168155,156.0,157.0,291.0,111.0,276.0,319.0,115.0,102.0
崇左,广西,西部,236,1000,0.48579831205964474,1,0.0042372881,0.002058467406690419,8.8573199836,4.30287109740504,-1.3716233101,-0.6663322888282427,3.6921386977,1.793634747232755,78.0,115.0,63.0,207.0,254.0,232.0,113.0,203.0
巴中,四川,西部,111,1000,0.3331666249791536,1,0.0,0.0,9.1993497279,3.064916300847338,-0.117542904,-0.039161372615928655,3.4514582681,1.1499107024392718,165.0,165.0,19.0,259.0,49.0,46.0,192.0,262.0
巴彦淖尔,内蒙古,西部,98,1000,0.31304951684997057,1,0.0,0.0,7.9102238775,2.4762917630264756,-0.3004808649,-0.09406538957960628,3.1798639409,0.9954548703473883,165.0,165.0,292.0,293.0,80.0,67.0,258.0,285.0
巴音郭楞,新疆,西部,74,1000,0.2720294101747089,1,0.0135135135,0.0036760731067929657,9.1725202556,2.495195274946438,-0.0196457354,-0.005344217813310398,3.3857988037,0.921036851540746,13.0,67.0,21.0,291.0,39.0,36.0,209.0,294.0
常州,江苏,东部,19794,1000,1.0,0,0.0047994342,0.0047994342,8.2161354815,8.2161354815,-0.5154473622,-0.5154473622,3.9391115585,3.9391115585,73.0,55.0,217.0,75.0,125.0,198.0,26.0,26.0
常德,湖南,中部,586,1000,0.7655063683601855,1,0.0017064846,0.0013063248288085838,7.8856688338,6.036529711053337,-1.1927376828,-0.9130482919665709,3.5231455654,2.6969903669736466,143.0,149.0,296.0,137.0,244.0,268.0,170.0,130.0
平凉,甘肃,西部,83,1000,0.28809720581775866,1,0.0,0.0,8.3527140573,2.406393580902844,-1.425972688,-0.41081874698523857,2.9485932732,0.8494814831019591,165.0,165.0,178.0,297.0,257.0,175.0,300.0,300.0
平顶山,河南,中部,364,1000,0.6033241251599343,1,0.0,0.0,8.0396382543,4.850507716377889,-2.9349710969,-1.7707388694068853,3.3188912294,2.0023671474787337,165.0,165.0,269.0,181.0,329.0,330.0,226.0,184.0
广元,四川,西部,145,1000,0.3807886552931954,1,0.0,0.0,8.4865965278,3.231599679836863,-0.6977928604,-0.2657116049849084,3.2843545732,1.2506449614348847,165.0,165.0,133.0,254.0,162.0,122.0,235.0,250.0
广安,四川,西部,335,1000,0.5787918451395113,1,0.0059701493,0.0034554737291053617,8.3214733484,4.816400913599703,-0.4791540616,-0.2773304634195551,3.6834500712,2.1319508631891124,54.0,75.0,187.0,184.0,115.0,129.0,118.0,168.0
广州,广东,东部,83087,1000,1.0,0,0.0127216051,0.0127216051,9.3149577891,9.3149577891,0.4110771748,0.4110771748,4.0761408502,4.0761408502,15.0,8.0,12.0,3.0,13.0,8.0,3.0,3.0
庆阳,甘肃,西部,132,1000,0.363318042491699,1,0.0,0.0,8.1903676686,2.9757083486430527,-2.8123881174,-1.0217913455406826,2.8867004463,1.0487903554096298,165.0,165.0,229.0,263.0,324.0,287.0,310.0,278.0
廊坊,河北,东部,1105,1000,1.0,0,0.0027149321,0.0027149321,8.0807690947,8.0807690947,-1.0351741708,-1.0351741708,3.4861113821,3.4861113821,115.0,93.0,259.0,84.0,228.0,288.0,181.0,99.0
延安,陕西,西部,195,1000,0.44158804331639234,1,0.0,0.0,8.4843300361,3.746578699491895,-2.738336325,-1.2092165796989507,3.1230772113,1.3791135548639821,165.0,165.0,134.0,231.0,320.0,299.0,274.0,240.0
延边,吉林,东北,126,1000,0.35496478698597694,1,0.0238095238,0.008451542543904548,9.471609191,3.3620877388977366,-0.6743142781,-0.2393578240873693,3.313235654,1.176081988156454,4.0,27.0,6.0,245.0,157.0,115.0,228.0,254.0
开封,河南,中部,539,1000,0.7341661937191061,1,0.0,0.0,8.1601504225,5.99090657586218,-2.9221421081,-2.1453379490101017,3.3480545478,2.4580284637222687,165.0,165.0,236.0,138.0,328.0,340.0,216.0,141.0
开平,广东,东部,249,1000,0.498998997994986,1,0.0040160643,0.002004012061583435,7.7733801443,3.8789089030398194,-0.7628389389,-0.38065586614265834,3.6181724774,1.805464440795636,83.0,119.0,313.0,222.0,177.0,164.0,142.0,201.0
张家口,河北,东部,445,1000,0.6670832032063166,1,0.0,0.0,8.4798709255,5.656779459758653,-1.8878603367,-1.2593599206119914,3.2779196643,2.1866451495142183,165.0,165.0,136.0,148.0,294.0,304.0,236.0,161.0
张家界,湖南,中部,105,1000,0.324037034920393,1,0.0,0.0,8.4043895412,2.7233334672464102,-1.1850794216,-0.3840096219204383,3.2044473341,1.038359612700322,165.0,165.0,162.0,278.0,243.0,166.0,252.0,280.0
张掖,甘肃,西部,116,1000,0.34058772731852804,1,0.0,0.0,7.9827085672,2.7188125687487914,-1.7990992502,-0.6127511248460858,3.0138100113,1.0264667023184944,165.0,165.0,276.0,280.0,287.0,219.0,294.0,281.0
徐州,江苏,东部,2757,1000,1.0,0,0.0029017048,0.0029017048,8.6911551288,8.6911551288,-0.2022955346,-0.2022955346,3.8752980615,3.8752980615,109.0,90.0,82.0,38.0,64.0,107.0,46.0,44.0
德宏,云南,西部,132,1000,0.363318042491699,1,0.0,0.0,8.5256108903,3.097508259709707,-0.4664887544,-0.16948378109299894,3.3593582267,1.2205154549530293,165.0,165.0,124.0,257.0,112.0,93.0,214.0,253.0
德州,山东,东部,380,1000,0.6164414002968976,1,0.0,0.0,8.4145285194,5.1870637433371165,-1.0326709551,-0.6365811296077787,3.4757465234,2.1425940539617696,165.0,165.0,158.0,161.0,227.0,222.0,184.0,165.0
德阳,四川,西部,922,1000,0.9602083107326244,1,0.0021691974,0.0020828813710996007,8.1782888038,7.8528608769803325,-0.5492609038,-0.5274048845892725,3.8914309031,3.7365842937983818,131.0,112.0,231.0,95.0,135.0,205.0,38.0,79.0
忻州,山西,中部,149,1000,0.38600518131237566,1,0.0,0.0,7.6520741975,2.953740288021739,-2.914504469,-1.1250138259920741,3.0276728118,1.1686973926734092,165.0,165.0,321.0,264.0,327.0,294.0,292.0,258.0
怀化,湖南,中部,320,1000,0.565685424949238,1,0.0,0.0,8.6213750167,4.876986189968684,-1.5674635415,-0.886691279565865,3.3956172348,1.9208511784327944,165.0,165.0,94.0,177.0,272.0,263.0,208.0,193.0
怒江,云南,西部,44,1000,0.20976176963403032,1,0.0,0.0,8.1002521248,1.6991232201798623,-1.5228771118,-0.319441397906329,3.0400338223,0.6376828743129532,165.0,165.0,250.0,314.0,266.0,146.0,288.0,313.0
恩施,湖北,中部,206,1000,0.4538722287164087,1,0.0,0.0,8.9658863567,4.069366823133471,0.2785770973,0.12643840802089884,3.261302206,1.48021450075496,165.0,165.0,49.0,214.0,19.0,19.0,242.0,228.0
惠州,广东,东部,16074,1000,1.0,0,0.0051636183,0.0051636183,8.3488365511,8.3488365511,-0.2647963234,-0.2647963234,3.9076718233,3.9076718233,67.0,50.0,180.0,61.0,74.0,121.0,32.0,32.0
成都,四川,西部,35728,1000,1.0,0,0.0117554859,0.0117554859,9.1519963619,9.1519963619,0.2726843724,0.2726843724,4.0002226475,4.0002226475,18.0,11.0,22.0,9.0,20.0,14.0,12.0,12.0
扬州,江苏,东部,2905,1000,1.0,0,0.004130809,0.004130809,8.2030964386,8.2030964386,-0.64509612,-0.64509612,3.9057651228,3.9057651228,80.0,62.0,225.0,77.0,153.0,225.0,33.0,33.0
承德,河北,东部,319,1000,0.5648008498577175,1,0.0031347962,0.0017705355578907433,8.2795168352,4.67627814493224,-1.9001262364,-1.0731929131556663,3.2314167981,1.8251069538113844,104.0,128.0,200.0,187.0,295.0,291.0,248.0,200.0
抚州,江西,中部,411,1000,0.6410928169929843,1,0.0,0.0,8.0809948323,5.180667741144956,-1.9341185368,-1.2399495011554609,3.5518060537,2.2770373483792676,165.0,165.0,258.0,162.0,297.0,301.0,165.0,155.0
抚顺,辽宁,东北,141,1000,0.37549966711037175,1,0.0141843972,0.005326236426761289,8.2504272167,3.098032673389201,-0.876570671,-0.32915199515921517,3.0663704689,1.1514210903090245,9.0,49.0,208.0,256.0,197.0,151.0,284.0,261.0
拉萨,西藏,西部,330,1000,0.5744562646538028,1,0.0060606061,0.003481553141744052,8.9615968524,5.148045453162981,0.06003125,0.034485327637498606,3.5394507465,2.033259654760504,53.0,74.0,52.0,163.0,33.0,32.0,169.0,179.0
揭阳,广东,东部,428,1000,0.6542170893518451,1,0.0023364486,0.0015285446025121933,9.0922904711,5.948331807544559,-0.0135910376,-0.008891489059943487,3.5035563832,2.2920864593971815,126.0,139.0,32.0,139.0,38.0,39.0,177.0,153.0
攀枝花,四川,西部,282,1000,0.5310367218940701,1,0.0,0.0,8.3073299046,4.411497240231363,-0.1060063824,-0.05629328180954525,3.3240673576,1.765201832934988,165.0,165.0,194.0,200.0,48.0,50.0,225.0,207.0
文山,云南,西部,193,1000,0.4393176527297759,1,0.0,0.0,8.8639757775,3.8941010324248904,-0.278261363,-0.12224512883854811,3.328657863,1.462338159113672,165.0,165.0,61.0,220.0,76.0,82.0,220.0,230.0
新乡,河南,中部,825,1000,0.9082951062292475,1,0.0012121212,0.001100963754116723,8.361891995,7.59506557787602,-1.7601518455,-1.5987373074880284,3.5837519474,3.2551043557629558,155.0,156.0,170.0,103.0,285.0,325.0,153.0,108.0
新余,江西,中部,347,1000,0.5890670590009256,1,0.0028818444,0.001697599605206287,8.3560727461,4.922287197342915,-1.6881438268,-0.9944299192236439,3.636676702,2.1422464493843254,111.0,134.0,173.0,174.0,280.0,281.0,132.0,166.0
无锡,江苏,东部,24491,1000,1.0,0,0.0068188314,0.0068188314,8.448571975,8.448571975,-0.1970204844,-0.1970204844,3.9827949211,3.9827949211,45.0,34.0,146.0,53.0,63.0,103.0,17.0,17.0
日喀则,西藏,西部,13,1000,0.11401754250991379,1,0.0,0.0,9.8631542014,1.1245726034399595,0.1856681077,0.02116942136242,2.3947004059,0.27303785532821107,165.0,165.0,3.0,331.0,22.0,35.0,332.0,334.0
日照,山东,东部,240,1000,0.4898979485566356,1,0.0,0.0,8.2351273967,4.034372017745877,-0.5849389675,-0.2865604002090865,3.4692144457,1.6995610400514758,165.0,165.0,212.0,215.0,143.0,137.0,186.0,214.0
昆明,云南,西部,14163,1000,1.0,0,0.0054367013,0.0054367013,9.2820373704,9.2820373704,0.1217025958,0.1217025958,3.832234942,3.832234942,60.0,46.0,13.0,4.0,26.0,20.0,61.0,56.0
昌吉,新疆,西部,161,1000,0.4012480529547776,1,0.0,0.0,8.5802734478,3.4428180147493266,-0.1832745042,-0.07353853796650221,3.5050458728,1.406392831978179,165.0,165.0,109.0,242.0,59.0,58.0,176.0,239.0
昌都,西藏,西部,9,1000,0.09486832980505137,1,0.0,0.0,7.5667575911,0.7178456547073508,-0.264053046,-0.025050271453956403,2.1972245773,0.208447025855061,165.0,165.0,326.0,337.0,73.0,44.0,335.0,336.0
昭通,云南,西部,253,1000,0.5029910535983717,1,0.0,0.0,8.4047867653,4.227532550347898,-1.283299631,-0.6454882334790917,3.4455241609,1.7330678278897365,165.0,165.0,161.0,209.0,249.0,226.0,193.0,210.0
晋中,山西,中部,225,1000,0.4743416490252569,1,0.0,0.0,7.9089310939,3.7515354171076547,-2.6190040464,-1.2423026981731964,3.1800534872,1.5084318151069667,165.0,165.0,293.0,230.0,316.0,302.0,257.0,225.0
晋城,山西,中部,183,1000,0.42778499272414877,1,0.0,0.0,7.7978970041,3.3358233131625803,-2.949525358,-1.2617626838117222,3.1293328069,1.3386816120311564,165.0,165.0,311.0,247.0,331.0,305.0,270.0,244.0
普洱,云南,西部,191,1000,0.43703546766824314,1,0.0052356021,0.002288143812298336,9.0236339392,3.9436480786853028,0.0936728572,0.040938360954222555,3.4722848311,1.5175116250371352,64.0,107.0,39.0,219.0,30.0,30.0,185.0,224.0
景德镇,江西,中部,381,1000,0.6172519744804386,1,0.0,0.0,8.5208115821,5.259487773227015,-1.5378618438,-0.9492482595636778,3.6237410209,2.236761300156285,165.0,165.0,125.0,160.0,269.0,276.0,137.0,158.0
曲靖,云南,西部,870,1000,0.9327379053088815,1,0.0,0.0,8.5864892906,8.008944034871387,-0.7806148899,-0.7281090972582491,3.7480162762,3.495916850526382,165.0,165.0,108.0,88.0,180.0,242.0,97.0,97.0
朔州,山西,中部,131,1000,0.3619392214170772,1,0.0,0.0,8.2781198117,2.9961762394439795,-3.9356284898,-1.4244583113850793,2.977684596,1.0777408443018641,165.0,165.0,201.0,260.0,341.0,312.0,297.0,272.0
朝阳,辽宁,东北,181,1000,0.42544094772365293,1,0.0165745856,0.007051507405790811,8.4819954307,3.6085881746247015,-0.6651723119,-0.2829915387742693,3.4127880441,1.4519397798618559,5.0,32.0,135.0,236.0,155.0,134.0,203.0,231.0
本溪,辽宁,东北,130,1000,0.36055512754639896,1,0.0,0.0,7.4960876756,2.7027528479749474,-0.4962917747,-0.1789405441271872,3.2331208498,1.1657183003725609,165.0,165.0,331.0,281.0,119.0,95.0,247.0,259.0
来宾,广西,西部,129,1000,0.35916569992135944,1,0.0,0.0,8.3159495948,2.986803856727087,-1.295351104,-0.46524568591206567,3.4285847536,1.2314300427664457,165.0,165.0,188.0,262.0,251.0,185.0,199.0,251.0
杭州,浙江,东部,31458,1000,1.0,0,0.0133193464,0.0133193464,9.2283314658,9.2283314658,0.5918837708,0.5918837708,4.0650665214,4.0650665214,14.0,7.0,18.0,7.0,6.0,3.0,5.0,5.0
松原,吉林,东北,71,1000,0.2664582518894845,1,0.0,0.0,8.2142097587,2.1887439729567464,-0.7112012345,-0.18950543768651334,3.213669972,0.8563088828888487,165.0,165.0,218.0,301.0,166.0,100.0,251.0,299.0
林芝,西藏,西部,83,1000,0.28809720581775866,1,0.0240963855,0.006942101332857556,9.4478725449,2.7219056811080065,0.8727481827,0.25143631281839673,3.2661450722,0.9409672690962616,3.0,33.0,7.0,279.0,3.0,15.0,239.0,292.0
果洛,青海,西部,2,1000,0.044721359549995794,1,0.0,0.0,8.3392728422,0.3729436191615415,1.0193093938,0.04558490189281805,1.0986122887,0.049131435168996485,165.0,165.0,185.0,342.0,2.0,28.0,342.0,342.0
枣庄,山东,东部,282,1000,0.5310367218940701,1,0.0,0.0,8.4362559113,4.4799616841962235,-0.9924726719,-0.527039434255225,3.6226794176,1.9237758023954232,165.0,165.0,156.0,195.0,216.0,204.0,138.0,192.0
柳州,广西,西部,1390,1000,1.0,0,0.0035971223,0.0035971223,8.6297795817,8.6297795817,-0.3593427573,-0.3593427573,3.7988949507,3.7988949507,89.0,68.0,93.0,42.0,94.0,160.0,76.0,65.0
株洲,湖南,中部,1218,1000,1.0,0,0.0,0.0,8.255442182,8.255442182,-0.9555584435,-0.9555584435,3.7655102176,3.7655102176,165.0,165.0,207.0,70.0,208.0,277.0,91.0,73.0
桂林,广西,西部,1038,1000,1.0,0,0.0105973025,0.0105973025,9.4322094349,9.4322094349,0.6743906234,0.6743906234,3.9862909346,3.9862909346,21.0,15.0,8.0,2.0,5.0,2.0,15.0,15.0
梅州,广东,东部,456,1000,0.6752777206453653,1,0.0021929825,0.001480872224015175,8.4383347042,5.698219425094859,-0.3965184789,-0.2677600946253594,3.6808162718,2.4855732221354754,130.0,144.0,154.0,144.0,100.0,124.0,120.0,139.0
梧州,广西,西部,287,1000,0.5357238094391549,1,0.0034843206,0.0018666335051393218,8.6445217771,4.631076137207745,-1.064732174,-0.5704023762877131,3.5809642417,1.9184078050289184,93.0,123.0,88.0,189.0,232.0,214.0,154.0,194.0
楚雄,云南,西部,340,1000,0.5830951894845301,1,0.0058823529,0.0034299716788403754,8.5575411976,4.989861106136245,-0.8181870874,-0.4770809547612988,3.5777714744,2.0861813357976144,56.0,77.0,115.0,168.0,187.0,188.0,158.0,173.0
榆林,陕西,西部,449,1000,0.6700746227100381,1,0.004454343,0.0029847422051460996,8.0806347984,5.414628313795485,-2.2237063135,-1.4900491690364424,3.4155615357,2.288681107377096,75.0,88.0,260.0,154.0,311.0,318.0,201.0,154.0
武威,甘肃,西部,114,1000,0.33763886032268264,1,0.0087719298,0.0029617443805025775,8.138756273,2.747960392459804,-1.5687319998,-0.5296648845641948,3.1750717812,1.072027617647078,36.0,89.0,241.0,276.0,273.0,206.0,259.0,273.0
武汉,湖北,中部,52255,1000,1.0,0,0.0093579562,0.0093579562,8.9705052026,8.9705052026,0.0896286451,0.0896286451,4.0192671082,4.0192671082,29.0,20.0,46.0,22.0,31.0,25.0,9.0,9.0
毕节,贵州,西部,302,1000,0.5495452665613635,1,0.0033112583,0.0018196863251270273,8.024762502,4.409970248253224,-2.7793402984,-1.5273733051489677,3.3813168927,1.8581866931272628,98.0,125.0,272.0,202.0,322.0,323.0,210.0,199.0
永州,湖南,中部,314,1000,0.5603570290448759,1,0.0,0.0,8.7556611829,4.906296287773388,-0.8658237402,-0.4851704187349945,3.6197903268,2.0283749532910287,165.0,165.0,69.0,175.0,194.0,192.0,141.0,181.0
汉中,陕西,西部,216,1000,0.46475800154489,1,0.0,0.0,7.8353712386,3.6415514782140455,-2.8151276594,-1.3083531050764876,3.0877097672,1.4350378207545094,165.0,165.0,307.0,234.0,325.0,306.0,280.0,234.0
汕头,广东,东部,1462,1000,1.0,0,0.0020519836,0.0020519836,8.7512902857,8.7512902857,-0.18177623,-0.18177623,3.7609747888,3.7609747888,135.0,116.0,71.0,32.0,57.0,97.0,94.0,74.0
汕尾,广东,东部,607,1000,0.7791020472312982,1,0.0016474465,0.001283528940854037,8.455504132,6.587700579613901,-0.7233428801,-0.5635579187360935,3.8183114399,2.974854259792776,145.0,150.0,143.0,127.0,169.0,212.0,68.0,118.0
江门,广东,东部,5036,1000,1.0,0,0.0025814138,0.0025814138,8.4431266525,8.4431266525,-0.5608992702,-0.5608992702,3.9086361139,3.9086361139,117.0,95.0,149.0,54.0,138.0,211.0,31.0,31.0
池州,安徽,中部,295,1000,0.5431390245600107,1,0.0033898305,0.0018411492311937736,8.0291881134,4.360965399920909,-0.642092743,-0.34874562611008164,3.621850384,1.9671682846680603,95.0,124.0,271.0,205.0,152.0,157.0,139.0,187.0
沈阳,辽宁,东北,6256,1000,1.0,0,0.0059143223,0.0059143223,8.7522454072,8.7522454072,-0.1703921497,-0.1703921497,3.9169413055,3.9169413055,55.0,42.0,70.0,31.0,55.0,94.0,29.0,29.0
沧州,河北,东部,663,1000,0.8142481194328913,1,0.0015082956,0.0012281268558489045,8.181457312,6.661736230516477,-1.7955943066,-1.4620592874134564,3.5144599531,2.8616424076338824,148.0,151.0,230.0,125.0,286.0,316.0,173.0,124.0
河池,广西,西部,113,1000,0.3361547262794322,1,0.0,0.0,8.8861067881,2.9871067950435597,-0.8559960072,-0.2877471034966029,3.4351465322,1.1547407422614318,165.0,165.0,59.0,261.0,193.0,139.0,196.0,260.0
河源,广东,东部,1234,1000,1.0,0,0.0024311183,0.0024311183,8.2168947789,8.2168947789,-0.4247860142,-0.4247860142,3.7387179859,3.7387179859,122.0,101.0,216.0,73.0,107.0,179.0,101.0,78.0
泉州,福建,东部,2133,1000,1.0,0,0.0032817628,0.0032817628,8.9861298617,8.9861298617,-0.0979727563,-0.0979727563,3.8253497138,3.8253497138,99.0,79.0,42.0,19.0,47.0,70.0,65.0,58.0
泰安,山东,东部,312,1000,0.5585696017507576,1,0.0,0.0,8.2111769949,4.586513863946276,-0.6953072945,-0.38837751858326175,3.4833929199,1.9457173960099519,165.0,165.0,219.0,192.0,161.0,168.0,182.0,190.0
泰州,江苏,东部,2832,1000,1.0,0,0.0017655367,0.0017655367,8.029606629,8.029606629,-0.9019369043,-0.9019369043,3.8635176799,3.8635176799,140.0,129.0,270.0,86.0,200.0,266.0,48.0,46.0
泸州,四川,西部,637,1000,0.7981227975693966,1,0.0031397174,0.0025058800348653123,9.0245888679,7.202730114161982,-0.1799579897,-0.14362857418432864,3.8015274572,3.034085729177339,103.0,98.0,37.0,109.0,56.0,87.0,75.0,117.0
洛阳,河南,中部,1077,1000,1.0,0,0.0027855153,0.0027855153,8.4375812495,8.4375812495,-1.8056444654,-1.8056444654,3.6213552956,3.6213552956,114.0,92.0,155.0,55.0,288.0,333.0,140.0,91.0
济南,山东,东部,5426,1000,1.0,0,0.0093991891,0.0093991891,8.9640146822,8.9640146822,0.173578862,0.173578862,3.8412936639,3.8412936639,28.0,19.0,51.0,24.0,23.0,17.0,54.0,51.0
济宁,山东,东部,749,1000,0.8654478609367522,1,0.0053404539,0.004621884404186336,8.5426301401,7.393200981523373,-1.0313177486,-0.8925517394719772,3.7615821285,3.2554532068482405,63.0,57.0,119.0,107.0,226.0,265.0,93.0,107.0
济源,河南,中部,88,1000,0.2966479394838265,1,0.0,0.0,7.2809441575,2.15987708181918,-4.6647075303,-1.3837758771581843,2.6840225311,0.7962097533789797,165.0,165.0,339.0,302.0,343.0,308.0,322.0,303.0
海东,青海,西部,33,1000,0.1816590212458495,1,0.0,0.0,8.066051463,1.4652710140872327,-1.5437984708,-0.2804449192063672,2.4082687167,0.43748373797272,165.0,165.0,263.0,323.0,270.0,132.0,331.0,327.0
海北,青海,西部,6,1000,0.07745966692414834,1,0.0,0.0,7.2999440358,0.5654512335779912,0.5831530495,0.04517084098007139,1.3862943611,0.10738189946963103,165.0,165.0,337.0,339.0,8.0,29.0,341.0,341.0
海南州,青海,西部,8,1000,0.08944271909999159,1,0.0,0.0,12.1481255434,1.086561380569759,-0.9864534975,-0.08823108308209675,2.0794415417,0.18599090569912655,165.0,165.0,1.0,332.0,215.0,63.0,338.0,337.0
海口,海南,东部,2046,1000,1.0,0,0.0014662757,0.0014662757,9.0927154104,9.0927154104,0.1216335642,0.1216335642,3.8132647321,3.8132647321,151.0,145.0,31.0,13.0,27.0,21.0,71.0,62.0
海宁,浙江,东部,931,1000,0.9648834126463155,1,0.0021482277,0.0020727892743173455,8.2822103163,7.991367354246065,-0.6817071094,-0.6577678821431272,3.8450286562,3.7100043715171322,133.0,114.0,198.0,89.0,160.0,230.0,51.0,81.0
海西,青海,西部,76,1000,0.27568097504180444,1,0.0,0.0,8.1371478012,2.243256839894091,-0.7941220432,-0.21892433917156595,3.1368071409,0.8647580511214068,165.0,165.0,242.0,299.0,181.0,111.0,267.0,298.0
淄博,山东,东部,528,1000,0.726636084983398,1,0.0151515152,0.011009637686494447,8.4488539185,6.139242133935481,-0.5112979243,-0.3715275219734898,3.6499298824,2.6521707602110505,7.0,12.0,144.0,130.0,124.0,162.0,129.0,133.0
淮北,安徽,中部,260,1000,0.5099019513592785,1,0.0,0.0,7.9816235099,4.069845402713104,-1.5279183424,-0.7790885443073943,3.6992495417,1.8862545598777467,165.0,165.0,277.0,213.0,268.0,251.0,111.0,196.0
淮南,安徽,中部,391,1000,0.6252999280345393,1,0.0,0.0,8.1199167253,5.077383343976542,-0.6788520415,-0.42448613269605007,3.7173645658,2.3244677954728865,165.0,165.0,248.0,166.0,159.0,178.0,109.0,149.0
淮安,江苏,东部,1739,1000,1.0,0,0.0017251294,0.0017251294,8.1639901457,8.1639901457,-0.7320745588,-0.7320745588,3.8221909073,3.8221909073,142.0,132.0,235.0,79.0,172.0,243.0,67.0,60.0
深圳,广东,东部,98489,1000,1.0,0,0.0124683975,0.0124683975,9.1391387692,9.1391387692,0.4120143846,0.4120143846,4.0677072111,4.0677072111,17.0,10.0,23.0,10.0,12.0,7.0,4.0,4.0
清远,广东,东部,3012,1000,1.0,0,0.0019920319,0.0019920319,8.3049900908,8.3049900908,-0.8298437768,-0.8298437768,3.8234695628,3.8234695628,137.0,121.0,195.0,65.0,190.0,256.0,66.0,59.0
温州,浙江,东部,4254,1000,1.0,0,0.0023507287,0.0023507287,8.6174201779,8.6174201779,-0.2108861605,-0.2108861605,3.8876303679,3.8876303679,125.0,105.0,96.0,43.0,66.0,110.0,41.0,39.0
渭南,陕西,西部,325,1000,0.570087712549569,1,0.0,0.0,8.2040448525,4.677025163615791,-2.0656220334,-1.1775857400129954,3.4236246813,1.9517663631905644,165.0,165.0,224.0,186.0,303.0,296.0,200.0,189.0
湖州,浙江,东部,3982,1000,1.0,0,0.005775992,0.005775992,8.3438033615,8.3438033615,-0.5159969425,-0.5159969425,3.9120686555,3.9120686555,58.0,45.0,183.0,62.0,126.0,199.0,30.0,30.0
湘潭,湖南,中部,1092,1000,1.0,0,0.0,0.0,8.1740516326,8.1740516326,-0.904751434,-0.904751434,3.7601875956,3.7601875956,165.0,165.0,232.0,78.0,201.0,267.0,95.0,75.0
湘西,湖南,中部,117,1000,0.3420526275297414,1,0.0,0.0,8.2078285142,2.8075093095956434,-0.5394655745,-0.18452561721956645,3.4366004357,1.175498208801039,165.0,165.0,222.0,271.0,130.0,98.0,195.0,255.0
湛江,广东,东部,1691,1000,1.0,0,0.0017740982,0.0017740982,8.9971374376,8.9971374376,-0.3072093663,-0.3072093663,3.6850820986,3.6850820986,139.0,127.0,41.0,18.0,81.0,145.0,117.0,84.0
滁州,安徽,中部,1978,1000,1.0,0,0.0025278059,0.0025278059,7.9694736167,7.9694736167,-0.9228543008,-0.9228543008,3.8403352603,3.8403352603,118.0,97.0,279.0,91.0,204.0,269.0,55.0,52.0
滨州,山东,东部,247,1000,0.4969909455915671,1,0.004048583,0.0020121090934759433,8.3685252594,4.15908128187612,-0.5477345178,-0.27221909593456306,3.5942151049,1.7862923636437444,82.0,118.0,168.0,210.0,134.0,126.0,149.0,205.0
漯河,河南,中部,286,1000,0.5347896782848375,1,0.006993007,0.0037397879637736165,7.7297093238,4.133768762510311,-2.8065238226,-1.5008999721869862,3.2909452043,1.7599635270606258,43.0,66.0,316.0,212.0,323.0,320.0,232.0,208.0
漳州,福建,东部,717,1000,0.8467585252006619,1,0.0027894003,0.002361948484222284,8.8530944386,7.496433190291117,-0.2331445033,-0.19741709577294883,3.6610012061,3.0999839820350803,113.0,103.0,64.0,105.0,68.0,104.0,127.0,113.0
潍坊,山东,东部,1126,1000,1.0,0,0.0035523979,0.0035523979,8.3757191853,8.3757191853,-0.2795461346,-0.2795461346,3.7792107058,3.7792107058,91.0,71.0,167.0,56.0,77.0,131.0,84.0,69.0
潜江,湖北,中部,245,1000,0.4949747468305833,1,0.0,0.0,8.085069573,4.0019052650033275,-1.021936237,-0.5058326301860739,3.4863560443,1.7256582003886662,165.0,165.0,256.0,218.0,224.0,195.0,180.0,212.0
潮州,广东,东部,413,1000,0.6426507605223851,1,0.0,0.0,9.0927837474,5.843484390532193,-0.4163702599,-0.26758066418363813,3.6515177428,2.346650654471403,165.0,165.0,30.0,142.0,105.0,123.0,128.0,147.0
濮阳,河南,中部,227,1000,0.47644516998286385,1,0.0,0.0,7.8569028597,3.7433834185286154,-3.3928505046,-1.6165072353905925,3.0384012714,1.4476316102283227,165.0,165.0,301.0,232.0,339.0,326.0,290.0,232.0
烟台,山东,东部,1330,1000,1.0,0,0.0037593985,0.0037593985,8.7418296927,8.7418296927,-0.2406591529,-0.2406591529,3.9315717117,3.9315717117,88.0,65.0,75.0,34.0,70.0,116.0,27.0,27.0
焦作,河南,中部,386,1000,0.6212889826803627,1,0.0,0.0,7.8749628416,4.8926276525033225,-3.5771433954,-2.2224397810298444,3.2702572759,2.031774816046965,165.0,165.0,298.0,176.0,340.0,341.0,238.0,180.0
牡丹江,黑龙江,东北,91,1000,0.30166206257996714,1,0.0,0.0,8.7334625612,2.6345543296765146,-0.1950807728,-0.05884846829254195,3.1112536477,0.9385471925746284,165.0,165.0,77.0,284.0,62.0,51.0,275.0,293.0
玉林,广西,西部,409,1000,0.6395310782127792,1,0.0,0.0,8.3530743454,5.342050642505167,-0.8031652029,-0.5136491081936226,3.6145000369,2.311585105798787,165.0,165.0,177.0,156.0,185.0,197.0,145.0,152.0
玉树,青海,西部,8,1000,0.08944271909999159,1,0.0,0.0,5.884474468,0.5263233968923964,-0.6206357303,-0.05551134728864104,1.8891591638,0.16897153242293841,165.0,165.0,343.0,341.0,150.0,49.0,339.0,338.0
玉溪,云南,西部,432,1000,0.6572670690061994,1,0.0,0.0,8.4444785115,5.550277640539438,-1.0950129877,-0.7197159769493005,3.5199992754,2.3135796066461034,165.0,165.0,148.0,149.0,237.0,240.0,171.0,151.0
珠海,广东,东部,10203,1000,1.0,0,0.009310987,0.009310987,8.7374945981,8.7374945981,-0.1854696873,-0.1854696873,4.0648912861,4.0648912861,31.0,21.0,76.0,35.0,60.0,99.0,6.0,6.0
甘南,甘肃,西部,43,1000,0.2073644135332772,1,0.0,0.0,9.3188238562,1.9323924437608258,-0.6995885067,-0.14506976040646666,2.7880941051,0.5781514989796488,165.0,165.0,10.0,310.0,163.0,88.0,316.0,319.0
甘孜,四川,西部,95,1000,0.3082207001484488,1,0.0,0.0,8.6156379078,2.655517948167633,-0.901067266,-0.27772758360736854,3.4134720853,1.0521027560683516,165.0,165.0,98.0,283.0,199.0,130.0,202.0,277.0
白城,吉林,东北,53,1000,0.23021728866442676,1,0.0,0.0,8.5693576681,1.9728142879456967,-0.8658604616,-0.19933604783128098,2.8325852839,0.6521101039702135,165.0,165.0,111.0,307.0,195.0,105.0,314.0,311.0
白山,吉林,东北,48,1000,0.21908902300206645,1,0.0,0.0,8.5651440483,1.8765290414140114,-0.6367812278,-0.1395117770647583,3.2254906834,0.7066696025283736,165.0,165.0,113.0,312.0,151.0,86.0,250.0,304.0
白银,甘肃,西部,92,1000,0.30331501776206204,1,0.0,0.0,8.3100026797,2.5205486103959887,-1.8492170064,-0.5608952891421232,2.7278675889,0.8274032061797569,165.0,165.0,192.0,289.0,290.0,210.0,321.0,302.0
百色,广西,西部,177,1000,0.4207136793592526,1,0.0056497175,0.0023769134367653583,8.9355151571,3.7592934587139104,-0.4782521687,-0.20120722955531897,3.3597238405,1.4134817785677536,59.0,102.0,54.0,229.0,114.0,106.0,213.0,236.0
益阳,湖南,中部,438,1000,0.6618156843109719,1,0.0,0.0,8.0564383354,5.331877250051898,-2.0973273105,-1.3880441092226476,3.5806315088,2.3697180922618997,165.0,165.0,267.0,157.0,305.0,309.0,155.0,145.0
盐城,江苏,东部,2641,1000,1.0,0,0.0022718667,0.0022718667,8.0774102428,8.0774102428,-0.6652308401,-0.6652308401,3.8678010739,3.8678010739,127.0,109.0,262.0,85.0,156.0,231.0,47.0,45.0
盘锦,辽宁,东北,124,1000,0.35213633723318016,1,0.0,0.0,8.1969592833,2.8864472184707757,-0.5973392411,-0.21034485244660153,3.2581542996,1.1473145212016815,165.0,165.0,227.0,268.0,144.0,109.0,244.0,263.0
眉山,四川,西部,888,1000,0.9423375191511797,1,0.0011261261,0.0010611908753253932,8.4785949275,7.989698109868126,-1.0051288427,-0.9471706200572143,3.891129933,3.666757727758116,159.0,159.0,137.0,90.0,220.0,275.0,39.0,86.0
石嘴山,宁夏,西部,84,1000,0.28982753492378877,1,0.0,0.0,7.3587587229,2.132770900757035,-1.4730703905,-0.4269363600478379,3.1259579556,0.9059886885469544,165.0,165.0,335.0,304.0,262.0,180.0,273.0,295.0
石家庄,河北,东部,3108,1000,1.0,0,0.0038610039,0.0038610039,8.9190562242,8.9190562242,-0.0775683993,-0.0775683993,3.6635805091,3.6635805091,85.0,63.0,56.0,26.0,44.0,59.0,123.0,87.0
神农架,湖北,中部,24,1000,0.15491933384829668,1,0.0,0.0,9.2624987234,1.4349401319998265,-1.5710448323,-0.24338521886572495,3.0288503481,0.46922747825383354,165.0,165.0,15.0,324.0,275.0,118.0,291.0,322.0
福州,福建,东部,4253,1000,1.0,0,0.0091699976,0.0091699976,8.9697443655,8.9697443655,0.2222370909,0.2222370909,3.8961547737,3.8961547737,34.0,23.0,47.0,23.0,21.0,16.0,35.0,35.0
秦皇岛,河北,东部,453,1000,0.6730527468185536,1,0.0022075055,0.0014857676403920647,8.4312475053,5.674674292549243,-1.8499981525,-1.2451463381493746,3.3275433798,2.2396122119322834,129.0,143.0,157.0,146.0,291.0,303.0,222.0,157.0
红河州,云南,西部,496,1000,0.7042726744663603,1,0.0,0.0,8.348026607,5.879287025028225,-0.1582548896,-0.11145459434597059,3.4675283487,2.442085463926871,165.0,165.0,181.0,141.0,52.0,79.0,187.0,142.0
绍兴,浙江,东部,3332,1000,1.0,0,0.0030012005,0.0030012005,8.4487820769,8.4487820769,-0.4383648106,-0.4383648106,3.958452979,3.958452979,107.0,87.0,145.0,52.0,110.0,183.0,21.0,21.0
绥化,黑龙江,东北,136,1000,0.3687817782917155,1,0.0,0.0,8.32677662,3.07076348936148,-1.09762516,-0.40478415840252874,2.7493287255,1.0139023364983857,165.0,165.0,186.0,258.0,238.0,174.0,320.0,282.0
绵阳,四川,西部,1464,1000,1.0,0,0.006147541,0.006147541,8.6093703482,8.6093703482,0.0792423558,0.0792423558,3.8852476157,3.8852476157,52.0,41.0,100.0,44.0,32.0,26.0,42.0,40.0
聊城,山东,东部,332,1000,0.5761944116355173,1,0.0030120482,0.001735525340416819,8.3908296803,4.834749170774294,-0.3988644509,-0.2298234676086492,3.7252345303,2.146459318390521,106.0,130.0,166.0,182.0,101.0,113.0,108.0,163.0
肇庆,广东,东部,2968,1000,1.0,0,0.0023584906,0.0023584906,8.2374631618,8.2374631618,-0.8161311028,-0.8161311028,3.7908005669,3.7908005669,124.0,104.0,211.0,71.0,186.0,254.0,80.0,67.0
自贡,四川,西部,326,1000,0.5709640969448079,1,0.0,0.0,8.4423375233,4.820271620094251,-0.7613873956,-0.4347248667539132,3.6146217954,2.063819269207581,165.0,165.0,151.0,183.0,176.0,181.0,144.0,176.0
舟山,浙江,东部,568,1000,0.7536577472566709,1,0.0017605634,0.0013268622459465453,8.2298976927,6.202526155233156,-1.3387063825,-1.0089264364730772,3.7541717017,2.8293605875179644,141.0,148.0,215.0,129.0,253.0,284.0,96.0,125.0
芜湖,安徽,中部,5804,1000,1.0,0,0.0065472088,0.0065472088,8.3494097347,8.3494097347,-0.0688430901,-0.0688430901,3.8888485849,3.8888485849,49.0,37.0,179.0,60.0,43.0,57.0,40.0,38.0
苏州,江苏,东部,87734,1000,1.0,0,0.0067020767,0.0067020767,8.3585426557,8.3585426557,-0.287216406,-0.287216406,3.9511209761,3.9511209761,47.0,35.0,171.0,57.0,78.0,138.0,22.0,22.0
茂名,广东,东部,690,1000,0.8306623862918074,1,0.0,0.0,8.6045633038,7.147487086933426,-0.3425877578,-0.28457476440850776,3.6920291477,3.06682974208739,165.0,165.0,102.0,112.0,92.0,135.0,114.0,115.0
荆州,湖北,中部,1397,1000,1.0,0,0.0014316392,0.0014316392,8.2933478506,8.2933478506,-1.0077639047,-1.0077639047,3.8374653046,3.8374653046,152.0,146.0,197.0,67.0,221.0,283.0,58.0,54.0
荆门,湖北,中部,2626,1000,1.0,0,0.0011424219,0.0011424219,7.7679759626,7.7679759626,-0.6187675182,-0.6187675182,3.8279055792,3.8279055792,157.0,154.0,314.0,98.0,149.0,220.0,62.0,57.0
莆田,福建,东部,417,1000,0.6457553716385176,1,0.0,0.0,8.5285438141,5.507352980209526,-0.8932843874,-0.5768431915643726,3.6696929932,2.36972396262313,165.0,165.0,122.0,151.0,198.0,215.0,122.0,144.0
菏泽,山东,东部,401,1000,0.6332456079595026,1,0.0024937656,0.0015791661134804938,8.3981056702,5.318063530833944,-1.4622309135,-0.9259513037964864,3.5179224778,2.2277089582088605,119.0,136.0,164.0,158.0,261.0,272.0,172.0,159.0
萍乡,江西,中部,531,1000,0.7286974680894672,1,0.0,0.0,8.3533892503,6.087093596659383,-1.6658533627,-1.213903127607815,3.5729653766,2.60361082349975,165.0,165.0,176.0,131.0,279.0,300.0,160.0,134.0
营口,辽宁,东北,876,1000,0.9359487165438072,1,0.0,0.0,7.4009838553,6.926941340529472,-1.7045626409,-1.5953832160188777,3.3482501234,3.1337904056638743,165.0,165.0,333.0,121.0,282.0,324.0,215.0,112.0
葫芦岛,辽宁,东北,173,1000,0.4159326868617084,1,0.0,0.0,7.9576856514,3.3098615741876665,-0.7342651276,-0.30540486739152317,3.4020484526,1.4150231537236355,165.0,165.0,284.0,248.0,173.0,144.0,206.0,235.0
蚌埠,安徽,中部,732,1000,0.8555699854482975,1,0.0040983607,0.0035064344044608746,8.2421282463,7.051717543749893,-0.9846062381,-0.84239954480352,3.686716763,3.154244207271905,81.0,73.0,209.0,115.0,213.0,259.0,116.0,111.0
衡水,河北,东部,332,1000,0.5761944116355173,1,0.0,0.0,8.0185275998,4.620230792549918,-2.8301448194,-1.6307136290574904,3.126102658,1.8012428817385369,165.0,165.0,273.0,190.0,326.0,327.0,272.0,202.0
衡阳,湖南,中部,721,1000,0.8491171886141512,1,0.0069348128,0.0058884687483014295,8.4004703931,7.132983803225486,-0.8000410058,-0.6793285696209339,3.7407527831,3.1763374864864335,44.0,43.0,163.0,114.0,184.0,236.0,98.0,110.0
衢州,浙江,东部,1082,1000,1.0,0,0.0,0.0,8.3151324989,8.3151324989,-0.704415078,-0.704415078,3.777429565,3.777429565,165.0,165.0,189.0,63.0,164.0,238.0,85.0,70.0
襄阳,湖北,中部,1904,1000,1.0,0,0.0015756303,0.0015756303,8.2619515223,8.2619515223,-0.5793585235,-0.5793585235,3.7711840299,3.7711840299,146.0,137.0,206.0,69.0,142.0,216.0,87.0,71.0
西双版纳,云南,西部,252,1000,0.5019960159204453,1,0.0,0.0,9.2380146485,4.637446548561713,-0.5687605079,-0.28551550897868894,3.4574058804,1.7356039773807197,165.0,165.0,17.0,188.0,140.0,136.0,190.0,209.0
西宁,青海,西部,630,1000,0.7937253933193772,1,0.0,0.0,8.7685324322,6.959806853581661,-0.522321135,-0.4145795483168985,3.5570441798,2.8233162906661566,165.0,165.0,67.0,118.0,128.0,176.0,164.0,126.0
西安,陕西,西部,13645,1000,1.0,0,0.010773177,0.010773177,9.1840894435,9.1840894435,0.4559406007,0.4559406007,3.9502356666,3.9502356666,20.0,14.0,20.0,8.0,9.0,5.0,24.0,24.0
许昌,河南,中部,660,1000,0.812403840463596,1,0.003030303,0.0024618297949683563,8.4424289372,6.858661691422276,-1.8697919404,-1.5190261532488394,3.6360037085,2.9539033767252776,105.0,99.0,150.0,122.0,292.0,321.0,133.0,120.0
贵港,广西,西部,236,1000,0.48579831205964474,1,0.0,0.0,8.2746054932,4.0197893815560235,-1.5563690818,-0.7560814728802592,3.5103473068,1.7053207963865598,165.0,165.0,203.0,216.0,271.0,247.0,175.0,213.0
贵阳,贵州,西部,2909,1000,1.0,0,0.0089377793,0.0089377793,9.1251526701,9.1251526701,-0.3406986707,-0.3406986707,3.8077102894,3.8077102894,35.0,24.0,26.0,12.0,89.0,153.0,73.0,63.0
贺州,广西,西部,135,1000,0.3674234614174767,1,0.0,0.0,8.6377290136,3.1737042929630785,-0.9724732732,-0.3573094961751275,3.3334035745,1.2247706796441797,165.0,165.0,89.0,255.0,209.0,159.0,219.0,252.0
资阳,四川,西部,192,1000,0.4381780460041329,1,0.0052083333,0.0022821773083322575,8.5082011444,3.7281069524633192,-0.1915922675,-0.08395152540265113,3.5873114066,1.5718811025523256,65.0,108.0,128.0,233.0,61.0,61.0,152.0,220.0
赣州,江西,中部,1738,1000,1.0,0,0.00287687,0.00287687,8.2721127696,8.2721127696,-0.833038862,-0.833038862,3.8134415138,3.8134415138,112.0,91.0,205.0,68.0,191.0,257.0,70.0,61.0
赤峰,内蒙古,西部,323,1000,0.5683308895353129,1,0.0,0.0,7.7149104046,4.384621892931559,-1.1404980791,-0.6481802878082186,3.0386305132,1.7269475825361003,165.0,165.0,319.0,203.0,240.0,227.0,289.0,211.0
辽源,吉林,东北,54,1000,0.232379000772445,1,0.0,0.0,8.1601467432,1.8962467463413375,-1.4173412245,-0.32936033750290367,2.8571097487,0.6639323085001174,165.0,165.0,237.0,311.0,256.0,152.0,313.0,308.0
辽阳,辽宁,东北,100,1000,0.31622776601683794,1,0.0,0.0,7.8259668657,2.4747880188621063,-0.6102343626,-0.19297304923170702,3.1518612032,0.996706027083079,165.0,165.0,308.0,294.0,148.0,102.0,263.0,283.0
达州,四川,西部,262,1000,0.5118593556827891,1,0.0,0.0,8.618446399,4.411432420778794,-0.3709728622,-0.18988593022149208,3.4602594734,1.7711661845497908,165.0,165.0,95.0,201.0,97.0,101.0,188.0,206.0
运城,山西,中部,398,1000,0.6308724118235002,1,0.0,0.0,8.0644432127,5.0876347396097055,-2.3523305389,-1.4840204404819168,3.2573875019,2.054995909567379,165.0,165.0,264.0,165.0,313.0,317.0,245.0,178.0
连云港,江苏,东部,1187,1000,1.0,0,0.00168492,0.00168492,8.3543506565,8.3543506565,-1.052941476,-1.052941476,3.8377889616,3.8377889616,144.0,135.0,175.0,59.0,230.0,289.0,57.0,53.0
迪庆,云南,西部,35,1000,0.18708286933869708,1,0.0,0.0,8.6789437887,1.6236817068192586,-0.4737730563,-0.08863482278796808,3.1305830477,0.5856784592667992,165.0,165.0,83.0,318.0,113.0,64.0,269.0,317.0
通化,吉林,东北,98,1000,0.31304951684997057,1,0.0,0.0,7.9131464852,2.4772066839549027,-1.4933270821,-0.4674853215503813,3.1374763971,0.9821854702403414,165.0,165.0,290.0,292.0,264.0,186.0,266.0,288.0
通辽,内蒙古,西部,230,1000,0.47958315233127197,1,0.0,0.0,8.1009679088,3.885087726636776,-1.0253961738,-0.4917627294194288,3.1321900384,1.5021455723164798,165.0,165.0,249.0,221.0,225.0,193.0,268.0,226.0
遂宁,四川,西部,512,1000,0.7155417527999327,1,0.0,0.0,8.4457870509,6.04331327017596,-0.3133465092,-0.22421251042670826,3.7344155342,2.6721302370247653,165.0,165.0,147.0,134.0,82.0,112.0,102.0,132.0
遵义,贵州,西部,422,1000,0.6496152707564686,1,0.0,0.0,8.4731712975,5.504301466591401,-2.0191111761,-1.3116454533496134,3.2602603842,2.1179149322186714,165.0,165.0,140.0,152.0,301.0,307.0,243.0,169.0
邢台,河北,东部,453,1000,0.6730527468185536,1,0.0,0.0,8.2337857383,5.541772107878248,-2.6447077178,-1.7800277939975182,3.3027551477,2.222928424228603,165.0,165.0,213.0,150.0,317.0,331.0,229.0,160.0
那曲,西藏,西部,6,1000,0.07745966692414834,1,0.0,0.0,7.1615809323,0.5547336736662897,-0.2633929888,-0.020402333182603934,2.1639556569,0.1676192844221006,165.0,165.0,341.0,340.0,72.0,43.0,336.0,339.0
邯郸,河北,东部,713,1000,0.844393273303382,1,0.0042075736,0.003552846844768895,8.205754599,6.928883985773891,-2.2689983403,-1.9159269356858581,3.4044658621,2.874708073148239,79.0,70.0,223.0,120.0,312.0,336.0,205.0,123.0
邵阳,湖南,中部,345,1000,0.5873670062235365,1,0.0028985507,0.0017025130470461362,8.1669863706,4.797018334367748,-1.1535725158,-0.6775704350671994,3.5114251169,2.0624952584916847,110.0,133.0,234.0,185.0,241.0,235.0,174.0,177.0
郑州,河南,中部,7795,1000,1.0,0,0.0087235407,0.0087235407,9.2645586244,9.2645586244,0.3971680746,0.3971680746,3.8779633009,3.8779633009,37.0,25.0,14.0,5.0,14.0,9.0,45.0,43.0
郴州,湖南,中部,531,1000,0.7286974680894672,1,0.0,0.0,8.1591683547,5.945565321785594,-1.0106258861,-0.7364405243867442,3.4832588122,2.538241877150465,165.0,165.0,238.0,140.0,222.0,245.0,183.0,138.0
鄂尔多斯,内蒙古,西部,290,1000,0.5385164807134504,1,0.0,0.0,8.1973403276,4.414402864429594,-0.8718084168,-0.4694832004715009,3.6429943427,1.9618124926898135,165.0,165.0,226.0,199.0,196.0,187.0,131.0,188.0
鄂州,湖北,中部,790,1000,0.8888194417315589,1,0.0037974684,0.0033752637432812363,7.907850864,7.028651590236906,-1.2379675323,-1.1003296109406815,3.7404484039,3.3245832621800986,86.0,78.0,294.0,117.0,248.0,292.0,99.0,105.0
酒泉,甘肃,西部,201,1000,0.4483302354291979,1,0.0,0.0,8.5962101992,3.8539409424062083,-2.21518368,-0.993133820773317,3.3285054286,1.4922696224316014,165.0,165.0,106.0,226.0,309.0,280.0,221.0,227.0
重庆,重庆,西部,22024,1000,1.0,0,0.010851798,0.010851798,8.9731410699,8.9731410699,0.3060287917,0.3060287917,3.9988189054,3.9988189054,19.0,13.0,45.0,21.0,18.0,13.0,13.0,13.0
金华,浙江,东部,3097,1000,1.0,0,0.0048433968,0.0048433968,8.5701215775,8.5701215775,-0.232163298,-0.232163298,3.8929747377,3.8929747377,72.0,54.0,110.0,48.0,67.0,114.0,37.0,37.0
金昌,甘肃,西部,52,1000,0.22803508501982758,1,0.0,0.0,7.4484321328,1.6985038546674636,-2.1103023813,-0.4812229829372901,2.8991300738,0.661103372862522,165.0,165.0,332.0,315.0,306.0,189.0,307.0,309.0
钦州,广西,西部,335,1000,0.5787918451395113,1,0.0029850746,0.0017277368356130888,8.5662004007,4.958046935755974,-1.1944831477,-0.6913571050453344,3.6157121382,2.0927446999621058,108.0,131.0,112.0,170.0,245.0,237.0,143.0,172.0
铁岭,辽宁,东北,109,1000,0.3301514803843836,1,0.0091743119,0.003028912655293067,7.9273599597,2.6172296262348427,-0.5428059487,-0.17920818752475476,3.3385369144,1.1022229046070722,33.0,86.0,288.0,285.0,131.0,96.0,217.0,266.0
铜仁,贵州,西部,186,1000,0.4312771730569565,1,0.0,0.0,7.556969487,3.2591484372310386,-2.0041057305,-0.8643250539572868,3.2640404656,1.4077061447474801,165.0,165.0,327.0,249.0,300.0,262.0,240.0,238.0
铜川,陕西,西部,128,1000,0.35777087639996635,1,0.0,0.0,7.8453115331,2.8068239828279506,-2.7073398019,-0.9686073336382742,3.0612687221,1.095232793601522,165.0,165.0,304.0,272.0,318.0,278.0,285.0,269.0
铜陵,安徽,中部,408,1000,0.6387487769068525,1,0.0049019608,0.003131121465445336,8.3083217851,5.306930378381183,-0.9105719062,-0.5816266913709912,3.8106203747,2.434029103595957,71.0,82.0,193.0,159.0,203.0,217.0,72.0,143.0
银川,宁夏,西部,1049,1000,1.0,0,0.0047664442,0.0047664442,8.5910716439,8.5910716439,-0.9251934669,-0.9251934669,3.7656059308,3.7656059308,74.0,56.0,107.0,47.0,205.0,271.0,90.0,72.0
锡林郭勒盟,内蒙古,西部,43,1000,0.2073644135332772,1,0.0,0.0,8.1541404873,1.6908785600169156,-0.3168301047,-0.06569928885080231,2.8785677243,0.5969125079652898,165.0,165.0,240.0,316.0,84.0,53.0,312.0,315.0
锦州,辽宁,东北,176,1000,0.41952353926806063,1,0.0,0.0,8.3567890745,3.5058697294509007,-1.072652475,-0.4500029627166449,3.0133868465,1.2641867150275001,165.0,165.0,172.0,241.0,234.0,184.0,295.0,248.0
镇江,江苏,东部,2842,1000,1.0,0,0.0021111893,0.0021111893,8.0896670032,8.0896670032,-0.6771323768,-0.6771323768,3.8427297086,3.8427297086,134.0,111.0,255.0,83.0,158.0,234.0,53.0,50.0
长春,吉林,东北,3102,1000,1.0,0,0.0058027079,0.0058027079,8.5977831587,8.5977831587,-0.373833414,-0.373833414,3.7825405353,3.7825405353,57.0,44.0,104.0,46.0,98.0,163.0,83.0,68.0
长沙,湖南,中部,13590,1000,1.0,0,0.0091979397,0.0091979397,9.0869690514,9.0869690514,0.3819362384,0.3819362384,3.9596905719,3.9596905719,32.0,22.0,33.0,14.0,17.0,12.0,20.0,20.0
长治,山西,中部,299,1000,0.5468089245796927,1,0.0,0.0,8.1552396032,4.459357797115511,-2.6179446773,-1.4315155136035436,3.0881284354,1.6886161887250428,165.0,165.0,239.0,197.0,315.0,313.0,279.0,215.0
阜新,辽宁,东北,104,1000,0.322490309931942,1,0.0,0.0,7.6060256271,2.4528695618337726,-1.0770477256,-0.3473374548402372,3.0057308149,0.9693190620690897,165.0,165.0,324.0,295.0,236.0,156.0,296.0,289.0
阜阳,安徽,中部,592,1000,0.7694153624668538,1,0.0033783784,0.00259937624118619,8.6163248939,6.629532741372245,-0.9822821124,-0.7557829475569529,3.6097824126,2.777422043417103,96.0,94.0,97.0,126.0,212.0,246.0,146.0,127.0
防城港,广西,西部,162,1000,0.40249223594996214,1,0.0,0.0,8.9794304294,3.614151031086335,-0.9754659428,-0.39261746841060985,3.4124804677,1.3734968935801455,165.0,165.0,44.0,235.0,210.0,170.0,204.0,241.0
阳江,广东,东部,812,1000,0.9011104260855048,1,0.0,0.0,8.5562658245,7.710140342816039,-0.4370370481,-0.39381864062854227,3.7336315585,3.3644143245262224,165.0,165.0,116.0,101.0,109.0,172.0,103.0,101.0
阳泉,山西,中部,135,1000,0.3674234614174767,1,0.0,0.0,7.7486968088,2.8470530029638517,-3.2830409199,-1.206266258764875,2.946162726,1.082489306686069,165.0,165.0,315.0,270.0,337.0,298.0,301.0,271.0
阿克苏,新疆,西部,241,1000,0.4909175083453431,1,0.0,0.0,7.8587037655,3.857975271383425,-1.3206272978,-0.6483190624888194,3.0998226729,1.5217572228924694,165.0,165.0,300.0,225.0,252.0,228.0,278.0,223.0
阿勒泰,新疆,西部,15,1000,0.1224744871391589,1,0.0,0.0,9.9802388277,1.2223246319488779,0.1730429082,0.021193341434863556,2.2603834427,0.27683930288252884,165.0,165.0,2.0,328.0,24.0,34.0,334.0,333.0
阿坝,四川,西部,79,1000,0.2810693864511039,1,0.0,0.0,8.501648318,2.38955307656332,-0.9856399871,-0.27703322643587097,3.1951523753,0.8980595177433583,165.0,165.0,129.0,298.0,214.0,128.0,254.0,296.0
阿拉善盟,内蒙古,西部,12,1000,0.10954451150103323,1,0.0,0.0,7.5752248695,0.8298243078398557,-1.0050520319,-0.11009793386760637,2.7516666169,0.30142997536201127,165.0,165.0,325.0,334.0,219.0,77.0,319.0,329.0
阿里,西藏,西部,7,1000,0.08366600265340755,1,0.0,0.0,7.3308486115,0.6133427993814881,-1.233413,-0.10319473533074738,1.7328679514,0.1449821346198373,165.0,165.0,336.0,338.0,247.0,72.0,340.0,340.0
陇南,甘肃,西部,98,1000,0.31304951684997057,1,0.0,0.0,8.1933317192,2.5649185360870987,-1.7553694887,-0.5495175703307149,3.1559813486,0.9879784363667485,165.0,165.0,228.0,287.0,284.0,209.0,262.0,286.0
随州,湖北,中部,438,1000,0.6618156843109719,1,0.0,0.0,8.5964292692,5.6892517194264665,-0.1640570815,-0.1085755496589834,3.8354467633,2.538358824291692,165.0,165.0,105.0,145.0,53.0,75.0,60.0,137.0
雅安,四川,西部,138,1000,0.3714835124201342,1,0.0,0.0,8.7209215988,3.2396785870628366,-0.2602977232,-0.09669631248929986,3.5922016667,1.3344436924671763,165.0,165.0,78.0,252.0,71.0,69.0,150.0,245.0
青岛,山东,东部,6538,1000,1.0,0,0.0094830223,0.0094830223,8.8602410037,8.8602410037,0.0348414089,0.0348414089,3.9628605224,3.9628605224,26.0,18.0,62.0,29.0,34.0,31.0,19.0,19.0
鞍山,辽宁,东北,403,1000,0.6348228099241552,1,0.0,0.0,7.641158828,4.8507819182677245,-1.0124430749,-0.6427219576962699,3.3759692229,2.1431422682988446,165.0,165.0,322.0,180.0,223.0,224.0,211.0,164.0
韶关,广东,东部,1001,1000,1.0,0,0.000999001,0.000999001,8.2091924852,8.2091924852,-0.926298576,-0.926298576,3.7319237232,3.7319237232,161.0,161.0,220.0,76.0,206.0,273.0,105.0,80.0
马鞍山,安徽,中部,1343,1000,1.0,0,0.0014892033,0.0014892033,7.8909136897,7.8909136897,-1.0049883426,-1.0049883426,3.7399251984,3.7399251984,149.0,142.0,295.0,94.0,218.0,282.0,100.0,77.0
驻马店,河南,中部,373,1000,0.6107372593840988,1,0.0,0.0,7.9680962009,4.866413236246515,-2.9356711272,-1.7929237386791563,3.0809317737,1.8816398278189288,165.0,165.0,281.0,179.0,330.0,332.0,281.0,197.0
鸡西,黑龙江,东北,35,1000,0.18708286933869708,1,0.0,0.0,7.9694683587,1.490951007649553,-0.8282574856,-0.15495278695730258,2.4909549396,0.46601499749376885,165.0,165.0,280.0,320.0,189.0,90.0,327.0,324.0
鹤壁,河南,中部,336,1000,0.5796550698475775,1,0.0,0.0,7.6929501971,4.459257583833936,-3.0516168785,-1.768885194854964,3.4311879185,1.9889054725582818,165.0,165.0,320.0,198.0,333.0,329.0,198.0,186.0
鹤岗,黑龙江,东北,32,1000,0.17888543819998318,1,0.0,0.0,7.3998684122,1.3237287035386107,-1.5703010753,-0.2809039959609453,2.4777720048,0.4432373308382988,165.0,165.0,334.0,326.0,274.0,133.0,328.0,326.0
鹰潭,江西,中部,314,1000,0.5603570290448759,1,0.0,0.0,8.0934049506,4.535196352975307,-1.7525474783,-0.9820522982002772,3.5645099112,1.9973981838410466,165.0,165.0,252.0,193.0,283.0,279.0,162.0,185.0
黄冈,湖北,中部,879,1000,0.9375499986667378,1,0.0011376564,0.0010666097563032059,8.4874791368,7.957436053390804,-0.6031922692,-0.5655229111842466,3.8261165454,3.5871755620385537,158.0,158.0,132.0,92.0,146.0,213.0,64.0,93.0
黄南,青海,西部,2,1000,0.044721359549995794,1,0.0,0.0,7.7169995779,0.3451147127704317,-0.1825828843,-0.008165354816455582,1.0986122887,0.049131435168996485,165.0,165.0,318.0,343.0,58.0,37.0,342.0,342.0
黄山,安徽,中部,312,1000,0.5585696017507576,1,0.0032051282,0.0017902871822341225,8.2402344341,4.602744466188117,-0.7048464072,-0.39370577696515635,3.7295126084,2.0831923723984174,102.0,126.0,210.0,191.0,165.0,171.0,106.0,175.0
黄石,湖北,中部,965,1000,0.982344135219425,1,0.0051813472,0.00508986603445559,8.0575979609,7.915334100846113,-0.9050682341,-0.8890884717415366,3.769064537,3.702518443185468,66.0,51.0,266.0,93.0,202.0,264.0,88.0,82.0
黑河,黑龙江,东北,34,1000,0.18439088914585774,1,0.0,0.0,7.9849533586,1.472352649580457,-1.4323165258,-0.26410611773056786,2.8928987189,0.5334241669868838,165.0,165.0,275.0,321.0,258.0,120.0,309.0,320.0
黔东南,贵州,西部,118,1000,0.34351128074635334,1,0.0,0.0,8.5586934173,2.940007737292107,-1.526929765,-0.5245175991848783,3.3132756761,1.1381475709628508,165.0,165.0,114.0,267.0,267.0,203.0,227.0,264.0
黔南,贵州,西部,184,1000,0.4289522117905443,1,0.0,0.0,8.3446780759,3.5794681173373686,-1.3733295507,-0.5890927482900795,3.5797120822,1.5355254152330249,165.0,165.0,182.0,237.0,255.0,218.0,156.0,222.0
黔西南,贵州,西部,101,1000,0.3178049716414141,1,0.0,0.0,8.4756901911,2.693616480823947,-1.6471460351,-0.5234711989742231,3.2730005416,1.040175844305521,165.0,165.0,138.0,282.0,277.0,202.0,237.0,279.0
齐齐哈尔,黑龙江,东北,155,1000,0.39370039370059057,1,0.0,0.0,8.2770767698,3.2586883829602726,-0.8248736248,-0.32475307083699323,2.9729475833,1.1704506339964291,165.0,165.0,202.0,250.0,188.0,149.0,298.0,257.0
龙岩,福建,东部,281,1000,0.5300943312279429,1,0.0035587189,0.0018864567153237407,8.0911006551,4.289046590663205,-0.5070140678,-0.26876528319359994,3.6614866988,1.9409333429003945,90.0,122.0,253.0,208.0,122.0,125.0,126.0,191.0
